sourceCode,sourceName,sourceFrequency,sourceAutoAssignedConceptIds,ADD_INFO:,matchScore,mappingStatus,targetConceptId,targetConceptName,targetVocabularyId,targetDomainId,targetStandardConcept,targetChildCount,targetParentCount,targetConceptClassId,targetConceptCode,targetValidStartDate,targetValidEndDate,targetInvalidReason
456,Aspirin EC,456,456,456,0.7802855372428894,APPROVED,1112807,aspirin,RxNorm,Drug,S,3127,77,Ingredient,1191,19700101,20991231,
91,Gemfibrozil,91,91,91,1.0,APPROVED,1558242,gemfibrozil,RxNorm,Drug,S,91,1,Ingredient,4719,19700101,20991231,
383,Propofol,383,383,383,1.0,APPROVED,753626,propofol,RxNorm,Drug,S,163,1,Ingredient,8782,19700101,20991231,
37,Heparin,37,37,37,1.0,APPROVED,1367571,heparin,RxNorm,Drug,S,825,40,Ingredient,5224,19700101,20991231,
474,Trimethoprim,474,474,474,1.0,APPROVED,1705674,trimethoprim,RxNorm,Drug,S,602,43,Ingredient,10829,19700101,20991231,
328,DiphenhydrAMINE,328,328,328,1.0,APPROVED,1129625,diphenhydramine,RxNorm,Drug,S,1988,87,Ingredient,3498,19700101,20991231,
529,Hydrocortisone Cream 2.5%,529,529,529,0.6983036398887634,APPROVED,19021351,hydrocortisone 2.5 MG/ML Topical Cream,RxNorm,Drug,S,53,3,Clinical Drug,199190,19700101,20991231,
457,Citalopram,457,457,457,1.0,APPROVED,797617,citalopram,RxNorm,Drug,S,524,1,Ingredient,2556,19700101,20991231,
182,Potassium Phosphate Replacement (Oncology),182,182,182,0.5747348070144653,APPROVED,19027362,potassium phosphate,RxNorm,Drug,S,364,24,Ingredient,34322,19700101,20991231,
530,Alprazolam,530,530,530,1.0,APPROVED,781039,alprazolam,RxNorm,Drug,S,230,49,Ingredient,596,19700101,20991231,
38,LevETIRAcetam,38,38,38,1.0,APPROVED,711584,levetiracetam,RxNorm,Drug,S,809,1,Ingredient,114477,19700101,20991231,
475,Propranolol LA,475,475,475,0.8915151953697205,APPROVED,1353766,propranolol,RxNorm,Drug,S,457,8,Ingredient,8787,19700101,20991231,
92,Nystatin Cream,92,92,92,0.843392014503479,APPROVED,40068160,nystatin Topical Cream,RxNorm,Drug,S,177,69,Clinical Drug Form,373133,19700101,20991231,
384,Tacrolimus Suspension,384,384,384,0.7686904072761536,APPROVED,950637,tacrolimus,RxNorm,Drug,S,302,3,Ingredient,42316,19700101,20991231,
458,DULoxetine,458,458,458,1.0,APPROVED,715259,duloxetine,RxNorm,Drug,S,493,1,Ingredient,72625,19700101,20991231,
329,PHENObarbital - ICU Alcohol Withdrawal (Initial Load / Rescue Dose),329,329,329,0.3573457598686218,APPROVED,734275,phenobarbital,RxNorm,Drug,S,1232,88,Ingredient,8134,19700101,20991231,
183,Cepacol (Menthol),183,183,183,0.3391154110431671,APPROVED,19123003,benzocaine 10 MG Oral Lozenge [Cepacol],RxNorm,Drug,S,0,8,Branded Drug,605132,20060226,20991231,
39,Raltegravir,39,39,39,1.0,APPROVED,1712889,raltegravir,RxNorm,Drug,S,35,2,Ingredient,719872,20071230,20991231,
93,Lactulose,93,93,93,1.0,APPROVED,987245,lactulose,RxNorm,Drug,S,436,7,Ingredient,6218,19700101,20991231,
531,TraMADol,531,531,531,1.0,APPROVED,1103314,tramadol,RxNorm,Drug,S,1851,12,Ingredient,10689,19700101,20991231,
385,Etoposide,385,385,385,1.0,APPROVED,1350504,etoposide,RxNorm,Drug,S,133,3,Ingredient,4179,19700101,20991231,
476,Aspirin 81 mg ,476,476,476,0.993084192276001,APPROVED,1113309,aspirin 81 MG,RxNorm,Drug,S,81,897,Clinical Drug Comp,315431,19700101,20991231,
459,Multivitamins,459,459,459,0.4947625696659088,APPROVED,19008339,vitamin A,RxNorm,Drug,S,2895,92,Ingredient,11246,19700101,20991231,
330,Alteplase,330,330,330,1.0,APPROVED,1347450,alteplase,RxNorm,Drug,S,58,2,Ingredient,8410,19700101,20991231,
40,Calcium Carbonate,40,40,40,1.0,APPROVED,19035704,calcium carbonate,RxNorm,Drug,S,2392,49,Ingredient,1897,19700101,20991231,
532,Bengay Cream,532,532,532,0.33638790249824524,APPROVED,19041930,tolnaftate 10 MG/ML Topical Cream [Fungatin],RxNorm,Drug,S,0,157,Branded Drug,209644,19700101,20991231,
386,Cytarabine,386,386,386,1.0,APPROVED,1311078,cytarabine,RxNorm,Drug,S,207,5,Ingredient,3041,19700101,20991231,
94,Neutra-Phos,94,94,94,0.5015240907669067,APPROVED,40072722,phosphorus / potassium Oral Solution [Neutra-Phos-K],RxNorm,Drug,S,1,6,Branded Drug Form,363921,19700101,20991231,
331,Fleet Enema,331,331,331,0.3836851716041565,APPROVED,40065004,mineral oil Enema,RxNorm,Drug,S,2,52,Clinical Drug Form,237951,19700101,20991231,
184,Potassium Chloride Replacement (Oncology),184,184,184,0.5279992818832397,APPROVED,19049105,potassium chloride,RxNorm,Drug,S,2663,49,Ingredient,8591,19700101,20991231,
477,Lenalidomide (Revlimide)15mg ,477,477,477,0.5189993381500244,APPROVED,19025426,lenalidomide 10 MG [Revlimid],RxNorm,Drug,S,1,5,Branded Drug Comp,616112,20060402,20991231,
41,Rifaximin,41,41,41,1.0,APPROVED,1735947,rifaximin,RxNorm,Drug,S,58,33,Ingredient,35619,19700101,20991231,
533,Iohexol 240,533,533,533,0.8006168007850647,APPROVED,19080985,iohexol,RxNorm,Drug,S,98,1,Ingredient,5956,19700101,20991231,
332,Lidocaine 2%,332,332,332,0.6803390979766846,APPROVED,989878,lidocaine,RxNorm,Drug,S,2960,84,Ingredient,6387,19700101,20991231,
95,Labetalol,95,95,95,1.0,APPROVED,1386957,labetalol,RxNorm,Drug,S,86,5,Ingredient,6185,19700101,20991231,
478,Psyllium,478,478,478,1.0,APPROVED,957797,psyllium,RxNorm,Drug,S,247,5,Ingredient,8928,19700101,20991231,
460,Nephrocaps,460,460,460,0.5369583964347839,APPROVED,1343916,epinephrine,RxNorm,Drug,S,1016,60,Ingredient,3992,19700101,20991231,
387,Mitoxantrone HCl,387,387,387,0.823432981967926,APPROVED,1309188,mitoxantrone,RxNorm,Drug,S,92,3,Ingredient,7005,19700101,20991231,
185,Hemorrhoidal Suppository,185,185,185,0.7199425101280212,APPROVED,40166418,phenylephrine 0.0025 MG/MG Rectal Suppository [Medicone Hemorrhoidal],RxNorm,Drug,S,0,20,Branded Drug,864089,20091004,20991231,
42,LeVETiracetam,42,42,42,1.0,APPROVED,711584,levetiracetam,RxNorm,Drug,S,809,1,Ingredient,114477,19700101,20991231,
479,Psyllium Wafer,479,479,479,0.8975855112075806,APPROVED,40074718,psyllium Oral Wafer,RxNorm,Drug,S,10,3,Clinical Drug Form,373696,19700101,20991231,
534,Nicotine Polacrilex,534,534,534,0.6111181378364563,APPROVED,42903857,polacrilin,RxNorm,Drug,S,0,0,Ingredient,1314376,20121203,20991231,
96,GlipiZIDE,96,96,96,1.0,APPROVED,1560171,glipizide,RxNorm,Drug,S,84,3,Ingredient,4821,19700101,20991231,
388,Voriconazole,388,388,388,1.0,APPROVED,1714277,voriconazole,RxNorm,Drug,S,214,18,Ingredient,121243,19700101,20991231,
333,Readi-Cat 2 (Barium Sulfate 2% Suspension),333,333,333,0.44384849071502686,APPROVED,19011331,barium sulfate,RxNorm,Drug,S,30,1,Ingredient,1331,19700101,20991231,
461,Diltiazem Extended-Release,461,461,461,0.7439743280410767,APPROVED,40035694,diltiazem Extended Release Oral Tablet,RxNorm,Drug,S,123,21,Clinical Drug Form,375031,19700101,20991231,
97,Haloperidol,97,97,97,1.0,APPROVED,766529,haloperidol,RxNorm,Drug,S,371,50,Ingredient,5093,19700101,20991231,
186,Heparin Flush (100 units/ml),186,186,186,0.2629167437553406,APPROVED,1367697,heparin calcium 25000 UNT/ML,RxNorm,Drug,S,3,2,Clinical Drug Comp,849698,20090531,20991231,
43,Sulfameth/Trimethoprim DS,43,43,43,0.5000201463699341,APPROVED,40101830,sulfametrole / trimethoprim Oral Tablet,RxNorm,Drug,S,6,5,Clinical Drug Form,374236,19700101,20991231,
389,Milrinone,389,389,389,1.0,APPROVED,1368671,milrinone,RxNorm,Drug,S,49,1,Ingredient,52769,19700101,20991231,
480,Metamucil Fiber Singles,480,480,480,0.46306687593460083,APPROVED,19102639,psyllium 500 MG Oral Capsule [Metamucil],RxNorm,Drug,S,0,8,Branded Drug,404170,19700101,20991231,
535,Cepastat (Phenol) Lozenge,535,535,535,0.6292734146118164,APPROVED,42705722,phenol Oral Lozenge [Cepastat],RxNorm,Drug,S,2,10,Branded Drug Form,1242122,20120507,20991231,
334,Thrombin,334,334,334,1.0,APPROVED,1300673,thrombin,RxNorm,Drug,S,293,8,Ingredient,10528,19700101,20991231,
98,Tizanidine,98,98,98,1.0,APPROVED,778474,tizanidine,RxNorm,Drug,S,75,1,Ingredient,57258,19700101,20991231,
481,AndroGel,481,481,481,0.6066810488700867,APPROVED,19076389,hydrogen,RxNorm,Drug,S,6,0,Ingredient,5497,19700101,20991231,
390,Cosyntropin,390,390,390,1.0,APPROVED,19008009,cosyntropin,RxNorm,Drug,S,46,6,Ingredient,2890,19700101,20991231,
44,Docusate Sodium (Liquid),44,44,44,0.5992777943611145,APPROVED,42706627,docusate sodium 10 MG,RxNorm,Drug,S,1,1,Clinical Drug Comp,1248201,20120507,20991231,
482,Niacin,482,482,482,1.0,APPROVED,1517824,niacin,RxNorm,Drug,S,1356,58,Ingredient,7393,19700101,20991231,
335,Simethicone,335,335,335,1.0,APPROVED,966991,simethicone,RxNorm,Drug,S,1264,18,Ingredient,9796,19700101,20991231,
536,Atropine Sulfate 1%,536,536,536,0.7122809290885925,APPROVED,40243435,atropine sulfate 1 MG/ML,RxNorm,Drug,S,50,21,Clinical Drug Comp,1190794,20111106,20991231,
99,Baclofen,99,99,99,1.0,APPROVED,715233,baclofen,RxNorm,Drug,S,239,1,Ingredient,1292,19700101,20991231,
187,Heparin Flush (1000 units/mL),187,187,187,0.2764882445335388,APPROVED,1367697,heparin calcium 25000 UNT/ML,RxNorm,Drug,S,3,2,Clinical Drug Comp,849698,20090531,20991231,
391,Ivermectin,391,391,391,1.0,APPROVED,1784444,ivermectin,RxNorm,Drug,S,318,17,Ingredient,6069,19700101,20991231,
45,TiCAGRELOR,45,45,45,1.0,APPROVED,40241186,ticagrelor,RxNorm,Drug,S,21,3,Ingredient,1116632,20110731,20991231,
462,Isosorbide Mononitrate (Extended Release),462,462,462,0.7547620534896851,APPROVED,19064964,isosorbide mononitrate 100 MG Extended Release Oral Tablet,RxNorm,Drug,S,79,4,Clinical Drug,252204,19700101,20991231,
537,Diazepam - CIWA protocol,537,537,537,0.44944509863853455,APPROVED,723013,diazepam,RxNorm,Drug,S,407,52,Ingredient,3322,19700101,20991231,
483,GlipiZIDE XL,483,483,483,0.7526630163192749,APPROVED,1560171,glipizide,RxNorm,Drug,S,84,3,Ingredient,4821,19700101,20991231,
463,Fluoxetine,463,463,463,1.0,APPROVED,755695,fluoxetine,RxNorm,Drug,S,557,2,Ingredient,4493,19700101,20991231,
336,Insulin (Regular) for Hyperkalemia,336,336,336,0.3194475471973419,APPROVED,1586346,"insulin, regular, pork",RxNorm,Drug,S,42,4,Ingredient,221109,19700101,20991231,
100,ZIPRASidone Hydrochloride,100,100,100,0.7258556485176086,APPROVED,42705353,lurasidone hydrochloride 20 MG,RxNorm,Drug,S,8,26,Clinical Drug Comp,1235246,20120507,20991231,
484,Nadolol,484,484,484,1.0,APPROVED,1313200,nadolol,RxNorm,Drug,S,61,2,Ingredient,7226,19700101,20991231,
188,Heparin Dwell (1000 Units/mL),188,188,188,0.25786080956459045,APPROVED,1367697,heparin calcium 25000 UNT/ML,RxNorm,Drug,S,3,2,Clinical Drug Comp,849698,20090531,20991231,
46,Metoprolol Tartrate,46,46,46,0.9087144732475281,APPROVED,40167199,metoprolol tartrate 100 MG,RxNorm,Drug,S,106,189,Clinical Drug Comp,866411,20091101,20991231,
538,Morphine Sulfate (Oral Soln.),538,538,538,0.4866497218608856,APPROVED,40170024,morphine sulfate 5 MG,RxNorm,Drug,S,19,5,Clinical Drug Comp,894806,20100131,20991231,
392,Ketamine (For Intubation),392,392,392,0.4249793291091919,APPROVED,785649,ketamine,RxNorm,Drug,S,152,3,Ingredient,6130,19700101,20991231,
337,Morphine Sulfate,337,337,337,0.9244980812072754,APPROVED,40169889,morphine sulfate 10 MG,RxNorm,Drug,S,119,18,Clinical Drug Comp,892493,20100131,20991231,
101,Magnesium Oxide,101,101,101,1.0,APPROVED,993631,magnesium oxide,RxNorm,Drug,S,1293,33,Ingredient,6582,19700101,20991231,
464,Finasteride,464,464,464,1.0,APPROVED,996416,finasteride,RxNorm,Drug,S,489,3,Ingredient,25025,19700101,20991231,
485,Duloxetine,485,485,485,1.0,APPROVED,715259,duloxetine,RxNorm,Drug,S,493,1,Ingredient,72625,19700101,20991231,
47,Darunavir,47,47,47,1.0,APPROVED,1756831,darunavir,RxNorm,Drug,S,56,4,Ingredient,460132,20061119,20991231,
189,Sodium CITRATE 4%,189,189,189,0.707832396030426,APPROVED,977968,sodium citrate,RxNorm,Drug,S,600,38,Ingredient,56466,19700101,20991231,
338,Tigecycline,338,338,338,1.0,APPROVED,1742432,tigecycline,RxNorm,Drug,S,30,33,Ingredient,384455,20051113,20991231,
465,Paroxetine,465,465,465,1.0,APPROVED,722031,paroxetine,RxNorm,Drug,S,416,1,Ingredient,32937,19700101,20991231,
486,Methimazole,486,486,486,1.0,APPROVED,1504620,methimazole,RxNorm,Drug,S,82,1,Ingredient,6835,19700101,20991231,
393,Ziprasidone Mesylate,393,393,393,0.7390642762184143,APPROVED,712615,ziprasidone,RxNorm,Drug,S,182,48,Ingredient,115698,19700101,20991231,
339,Lidocaine-Prilocaine,339,339,339,0.6290006041526794,APPROVED,951279,prilocaine,RxNorm,Drug,S,205,4,Ingredient,8686,19700101,20991231,
48,Mupirocin Nasal Ointment 2%,48,48,48,0.8534300923347473,APPROVED,40062277,mupirocin Nasal Ointment,RxNorm,Drug,S,30,11,Clinical Drug Form,372971,19700101,20991231,
487,Fenofibrate,487,487,487,1.0,APPROVED,1551803,fenofibrate,RxNorm,Drug,S,469,2,Ingredient,8703,19700101,20991231,
539,Aluminum-Magnesium Hydrox.-Simethicone,539,539,539,0.4818095564842224,APPROVED,40135214,aluminum hydroxide / magnesium hydroxide / simethicone Oral Capsule,RxNorm,Drug,S,1,9,Clinical Drug Form,647547,20061008,20991231,
102,HYDROcodone-Acetaminophen (5mg-325mg),102,102,102,0.42355334758758545,APPROVED,40002706,acetaminophen / hydrocodone Oral Tablet,RxNorm,Drug,S,72,714,Clinical Drug Form,370641,19700101,20991231,
466,Escitalopram Oxalate,466,466,466,0.7728571891784668,APPROVED,40041668,escitalopram Oral Tablet,RxNorm,Drug,S,345,363,Clinical Drug Form,378695,19700101,20991231,
190,Neomycin-Polymyxin-Bacitracin,190,190,190,0.6126595735549927,APPROVED,40013972,bacitracin / neomycin / polymyxin B Topical Cream,RxNorm,Drug,S,2,9,Clinical Drug Form,378748,19700101,20991231,
340,Clopidogrel,340,340,340,1.0,APPROVED,1322184,clopidogrel,RxNorm,Drug,S,740,4,Ingredient,32968,19700101,20991231,
488,Thyroid,488,488,488,0.6474233269691467,APPROVED,43532113,parathyroid hormone,RxNorm,Drug,S,40,1,Ingredient,1427222,20130701,20991231,
394,Neostigmine (CVICU Reversal Protocol),394,394,394,0.41950276494026184,APPROVED,717136,neostigmine,RxNorm,Drug,S,142,8,Ingredient,7315,19700101,20991231,
467,Cinacalcet,467,467,467,1.0,APPROVED,1548111,cinacalcet,RxNorm,Drug,S,70,1,Ingredient,407990,19700101,20991231,
489,Calcitriol,489,489,489,1.0,APPROVED,19035631,calcitriol,RxNorm,Drug,S,181,6,Ingredient,1894,19700101,20991231,
49,Chlorhexidine Gluconate 0.12% Oral Rinse,49,49,49,0.7756637334823608,APPROVED,1790982,chlorhexidine gluconate 1.2 MG/ML Mouthwash,RxNorm,Drug,S,3,5,Clinical Drug,834127,20090301,20991231,
540,Acetaminophen w/Codeine,540,540,540,0.5362592935562134,APPROVED,40003695,acetaminophen / codeine Oral Tablet,RxNorm,Drug,S,150,275,Clinical Drug Form,370754,19700101,20991231,
103,Divalproex (EXTended Release),103,103,103,0.6278365850448608,APPROVED,40238256,divalproex sodium 500 MG Extended Release Oral Tablet,RxNorm,Drug,S,230,4,Clinical Drug,1099572,20110501,20991231,
468,NIFEdipine CR,468,468,468,0.9219861030578613,APPROVED,1318853,nifedipine,RxNorm,Drug,S,777,6,Ingredient,7417,19700101,20991231,
191,Calcium Replacement (Oncology),191,191,191,0.352979838848114,APPROVED,19018544,calcium,RxNorm,Drug,S,3879,85,Ingredient,1895,19700101,20991231,
341,PHENObarbital - ICU Alcohol Withdrawal (Loading Dose 1) ,341,341,341,0.3769422769546509,APPROVED,734275,phenobarbital,RxNorm,Drug,S,1232,88,Ingredient,8134,19700101,20991231,
395,Glycopyrrolate (CVICU Reversal Protocol),395,395,395,0.4764198958873749,APPROVED,19081297,glycopyrrolate 1 MG,RxNorm,Drug,S,5,65,Clinical Drug Comp,316000,19700101,20991231,
490,FLUoxetine,490,490,490,1.0,APPROVED,755695,fluoxetine,RxNorm,Drug,S,557,2,Ingredient,4493,19700101,20991231,
104,Sodium Chloride,104,104,104,1.0,APPROVED,967823,sodium chloride,RxNorm,Drug,S,4043,60,Ingredient,9863,19700101,20991231,
469,Tricor,469,469,469,0.665435791015625,APPROVED,1353048,licorice,RxNorm,Drug,S,77,5,Ingredient,42769,19700101,20991231,
50,CloniDINE,50,50,50,1.0,APPROVED,1398937,clonidine,RxNorm,Drug,S,228,15,Ingredient,2599,19700101,20991231,
541,Chloraseptic Throat Spray,541,541,541,0.6039127111434937,APPROVED,19131487,benzocaine 6 MG / menthol 10 MG Oral Lozenge [Chloraseptic Sore Throat],RxNorm,Drug,S,0,9,Branded Drug,802559,20080831,20991231,
192,Magnesium Sulfate Replacement (Oncology),192,192,192,0.5695260167121887,APPROVED,19093848,magnesium sulfate,RxNorm,Drug,S,493,44,Ingredient,6585,19700101,20991231,
396,Belladonna & Opium (16.2/30mg),396,396,396,0.3852459788322449,APPROVED,19055620,"belladonna extract, USP 16.2 MG / opium 30 MG [B & O Supprettes 15-A]",RxNorm,Drug,S,1,3,Branded Drug Comp,573815,20050911,20991231,
491,Terbinafine 1% Cream,491,491,491,0.6246129274368286,APPROVED,40102767,terbinafine Topical Cream,RxNorm,Drug,S,488,93,Clinical Drug Form,377935,19700101,20991231,
470,Hydrochlorothiazide,470,470,470,1.0,APPROVED,974166,hydrochlorothiazide,RxNorm,Drug,S,4615,86,Ingredient,5487,19700101,20991231,
105,Miconazole 2% Cream,105,105,105,0.5571163296699524,APPROVED,40063807,miconazole Topical Cream,RxNorm,Drug,S,260,229,Clinical Drug Form,377764,19700101,20991231,
342,Neomycin Sulfate,342,342,342,0.9018288254737854,APPROVED,40167223,neomycin sulfate 500 MG,RxNorm,Drug,S,9,18,Clinical Drug Comp,866041,20091101,20991231,
51,Dorzolamide 2%/Timolol 0.5% Ophth.,51,51,51,0.473314493894577,APPROVED,1594711,dorzolamide 20 MG/ML / timolol 5 MG/ML Ophthalmic Solution,RxNorm,Drug,S,218,4,Clinical Drug,1923432,20170807,20991231,
193,Meperidine,193,193,193,1.0,APPROVED,1102527,meperidine,RxNorm,Drug,S,129,16,Ingredient,6754,19700101,20991231,
397,Levothyroxine Sodium,397,397,397,0.9292979836463928,APPROVED,40169798,levothyroxine sodium 1 MG,RxNorm,Drug,S,7,2,Clinical Drug Comp,892278,20100131,20991231,
471,Felodipine,471,471,471,1.0,APPROVED,1353776,felodipine,RxNorm,Drug,S,339,3,Ingredient,4316,19700101,20991231,
542,OxycoDONE-Acetaminophen Elixir,542,542,542,0.5677772164344788,APPROVED,40162510,acetaminophen 100 MG/ML / hydrocodone bitartrate 1 MG/ML Oral Solution,RxNorm,Drug,S,0,5,Clinical Drug,857388,20090802,20991231,
52,Furosemide,52,52,52,1.0,APPROVED,956874,furosemide,RxNorm,Drug,S,568,54,Ingredient,4603,19700101,20991231,
492,Timolol Maleate 0.5%,492,492,492,0.6938763856887817,APPROVED,40180691,timolol maleate 10 MG,RxNorm,Drug,S,13,4,Clinical Drug Comp,977948,20100606,20991231,
343,Desmopressin Acetate,343,343,343,0.8727678656578064,APPROVED,1517146,desmopressin acetate 0.1 MG,RxNorm,Drug,S,10,37,Clinical Drug Comp,849514,20090531,20991231,
194,Sarna Lotion,194,194,194,0.3422347605228424,APPROVED,40091252,urea Topical Lotion,RxNorm,Drug,S,45,31,Clinical Drug Form,377840,19700101,20991231,
472,Vitamin E,472,472,472,1.0,APPROVED,19009540,vitamin E,RxNorm,Drug,S,2706,81,Ingredient,11256,19700101,20991231,
106,Triamcinolone Acetonide 0.1% Cream,106,106,106,0.6731281876564026,APPROVED,40234010,triamcinolone acetonide 0.5 MG/ML Topical Cream,RxNorm,Drug,S,0,3,Clinical Drug,1085977,20110206,20991231,
398,Vitamin D3 ,398,398,398,0.8604921102523804,APPROVED,42709324,vitamin D3,RxNorm,Drug,S,905,21,Ingredient,1244014,20120507,20991231,
543,Levalbuterol Neb,543,543,543,0.8132591247558594,APPROVED,1192218,levalbuterol,RxNorm,Drug,S,16,0,Ingredient,237159,19700101,20991231,
53,ClonazePAM,53,53,53,1.0,APPROVED,798874,clonazepam,RxNorm,Drug,S,189,2,Ingredient,2598,19700101,20991231,
473,Avapro,473,473,473,0.6953958868980408,APPROVED,37498468,avapritinib,RxNorm,Drug,S,21,2,Ingredient,2272107,20200504,20991231,
344,Rocuronium,344,344,344,1.0,APPROVED,19003953,rocuronium,RxNorm,Drug,S,77,1,Ingredient,68139,19700101,20991231,
195,Metolazone,195,195,195,1.0,APPROVED,907013,metolazone,RxNorm,Drug,S,50,48,Ingredient,6916,19700101,20991231,
399,Allopurinol,399,399,399,1.0,APPROVED,1167322,allopurinol,RxNorm,Drug,S,370,3,Ingredient,519,19700101,20991231,
107,Aquaphor Ointment,107,107,107,0.7474398016929626,APPROVED,1758586,petrolatum 0.3 MG/MG Topical Ointment [Aquaphor],RxNorm,Drug,S,0,7,Branded Drug,2588345,20220307,20991231,
54,Ranitidine,54,54,54,1.0,APPROVED,961047,ranitidine,RxNorm,Drug,S,1216,2,Ingredient,9143,19700101,20991231,
345,Tobramycin,345,345,345,1.0,APPROVED,902722,tobramycin,RxNorm,Drug,S,366,25,Ingredient,10627,19700101,20991231,
400,Meclizine,400,400,400,1.0,APPROVED,994341,meclizine,RxNorm,Drug,S,165,3,Ingredient,6676,19700101,20991231,
544,Hydrocodone-Acetaminophen (5mg-500mg),544,544,544,0.41321179270744324,APPROVED,40002706,acetaminophen / hydrocodone Oral Tablet,RxNorm,Drug,S,72,714,Clinical Drug Form,370641,19700101,20991231,
55,Docusate ,55,55,55,0.9809724688529968,APPROVED,941258,docusate,RxNorm,Drug,S,663,25,Ingredient,82003,19700101,20991231,
108,Sodium Bicarbonate,108,108,108,1.0,APPROVED,939506,sodium bicarbonate,RxNorm,Drug,S,1640,38,Ingredient,36676,19700101,20991231,
493,Vitamin B Complex,493,493,493,1.0,APPROVED,19010970,vitamin B complex,RxNorm,Drug,S,58,4,Ingredient,11251,19700101,20991231,
196,Artificial Tears Preserv. Free,196,196,196,0.20041365921497345,APPROVED,902551,hypromellose 10 MG/ML Ophthalmic Solution [Ultra Tears],RxNorm,Drug,S,0,6,Branded Drug,211612,19700101,20991231,
365,Lidocaine,365,365,365,1.0,APPROVED,989878,lidocaine,RxNorm,Drug,S,2960,84,Ingredient,6387,19700101,20991231,
438,Magnesium Sulfate Replacement (Critical Care and Oncology),438,438,438,0.5262840390205383,APPROVED,19093848,magnesium sulfate,RxNorm,Drug,S,493,44,Ingredient,6585,19700101,20991231,
494,Ferrous Gluconate,494,494,494,1.0,APPROVED,1396012,ferrous gluconate,RxNorm,Drug,S,369,18,Ingredient,24942,19700101,20991231,
56,MetFORMIN (Glucophage),56,56,56,0.6328334808349609,APPROVED,40063356,metformin Oral Tablet [Glucophage],RxNorm,Drug,S,7,11,Branded Drug Form,368254,19700101,20991231,
73,QUEtiapine Fumarate,73,73,73,0.7229520082473755,APPROVED,766814,quetiapine,RxNorm,Drug,S,968,48,Ingredient,51272,19700101,20991231,
197,Orthopedic Solution,197,197,197,0.37726134061813354,APPROVED,40087945,trimethoprim Oral Solution,RxNorm,Drug,S,39,9,Clinical Drug Form,375982,19700101,20991231,
366,amLODIPine,366,366,366,1.0,APPROVED,1332418,amlodipine,RxNorm,Drug,S,3044,18,Ingredient,17767,19700101,20991231,
545,Aluminum Hydroxide Suspension,545,545,545,0.9690600633621216,APPROVED,40008250,aluminum hydroxide Oral Suspension,RxNorm,Drug,S,17,10,Clinical Drug Form,370556,19700101,20991231,
57,Methadone,57,57,57,1.0,APPROVED,1103640,methadone,RxNorm,Drug,S,178,3,Ingredient,6813,19700101,20991231,
495,Januvia,495,495,495,0.838724672794342,APPROVED,19125043,sitagliptin 100 MG Oral Tablet [Januvia],RxNorm,Drug,S,38,8,Branded Drug,665036,20061217,20991231,
439,Calcium Gluconate Replacement (Oncology),439,439,439,0.560792088508606,APPROVED,19037038,calcium gluconate,RxNorm,Drug,S,266,29,Ingredient,1908,19700101,20991231,
74,Divalproex Sod. Sprinkles,74,74,74,0.5457208752632141,APPROVED,40238243,divalproex sodium 200 MG,RxNorm,Drug,S,54,2,Clinical Drug Comp,1099767,20110501,20991231,
496,Loratadine,496,496,496,1.0,APPROVED,1107830,loratadine,RxNorm,Drug,S,480,3,Ingredient,28889,19700101,20991231,
58,Fish Oil (Omega 3),58,58,58,0.46294328570365906,APPROVED,19110701,fish oils,RxNorm,Drug,S,194,18,Ingredient,4419,19700101,20991231,
198,PHENObarbital - ICU Alcohol Withdrawal (Loading Dose 2 and 3),198,198,198,0.3644314110279083,APPROVED,734275,phenobarbital,RxNorm,Drug,S,1232,88,Ingredient,8134,19700101,20991231,
367,Calcium Chloride,367,367,367,1.0,APPROVED,19036781,calcium chloride,RxNorm,Drug,S,1131,38,Ingredient,1901,19700101,20991231,
75,Spironolactone,75,75,75,1.0,APPROVED,970250,spironolactone,RxNorm,Drug,S,445,64,Ingredient,9997,19700101,20991231,
346,"Alteplase 1mg/2mL ( Clearance ie. PICC, tunneled access line )",346,346,346,0.24252837896347046,APPROVED,1347450,alteplase,RxNorm,Drug,S,58,2,Ingredient,8410,19700101,20991231,
546,OxyCODONE--Acetaminophen (5mg-325mg),546,546,546,0.3998609483242035,APPROVED,40002751,acetaminophen / oxycodone Oral Tablet,RxNorm,Drug,S,61,300,Clinical Drug Form,373200,19700101,20991231,
59,Docusate,59,59,59,1.0,APPROVED,941258,docusate,RxNorm,Drug,S,663,25,Ingredient,82003,19700101,20991231,
368,PHENObarbital,368,368,368,1.0,APPROVED,734275,phenobarbital,RxNorm,Drug,S,1232,88,Ingredient,8134,19700101,20991231,
440,Calcium Gluconate sliding scale (Critical Care-Ionized calcium),440,440,440,0.4810326099395752,APPROVED,19037038,calcium gluconate,RxNorm,Drug,S,266,29,Ingredient,1908,19700101,20991231,
497,Isosorbide Dinitrate ER,497,497,497,0.9192219972610474,APPROVED,1383925,isosorbide dinitrate,RxNorm,Drug,S,513,6,Ingredient,6058,19700101,20991231,
199,HYDROmorphone (Dilaudid),199,199,199,0.7464427351951599,APPROVED,40051251,hydromorphone Oral Tablet [Dilaudid],RxNorm,Drug,S,5,16,Branded Drug Form,368895,19700101,20991231,
347,Rasburicase,347,347,347,1.0,APPROVED,1304565,rasburicase,RxNorm,Drug,S,27,4,Ingredient,283821,19700101,20991231,
511,Psyllium Powder,511,511,511,0.77387934923172,APPROVED,957797,psyllium,RxNorm,Drug,S,247,5,Ingredient,8928,19700101,20991231,
76,adde,76,76,76,0.5562442541122437,APPROVED,714847,amphetamine aspartate 2.5 MG / amphetamine sulfate 2.5 MG / dextroamphetamine saccharate 2.5 MG / dextroamphetamine sulfate 2.5 MG Oral Tablet [Adderall],RxNorm,Drug,S,1,68,Branded Drug,541894,20050911,20991231,
60,Mupirocin Ointment 2%,60,60,60,0.750231146812439,APPROVED,40062282,mupirocin Topical Ointment,RxNorm,Drug,S,108,109,Clinical Drug Form,372972,19700101,20991231,
512,ibrutinib,512,512,512,1.0,APPROVED,44507848,ibrutinib,RxNorm,Drug,S,34,3,Ingredient,1442981,20131202,20991231,
348,Esmolol,348,348,348,1.0,APPROVED,19063575,esmolol,RxNorm,Drug,S,43,1,Ingredient,49737,19700101,20991231,
498,Aspirin (Buffered),498,498,498,0.6064988970756531,APPROVED,40010191,aspirin Oral Tablet [Bufferin],RxNorm,Drug,S,3,11,Branded Drug Form,368653,19700101,20991231,
441,2,441,441,441,0.0,APPROVED,0,Unmapped,,,,0,0,,,,,
61,Apixaban,61,61,61,1.0,APPROVED,43013024,apixaban,RxNorm,Drug,S,69,2,Ingredient,1364430,20130204,20991231,
369,Alteplase (Catheter Clearance),369,369,369,0.5217764377593994,APPROVED,1347450,alteplase,RxNorm,Drug,S,58,2,Ingredient,8410,19700101,20991231,
499,PredniSONE,499,499,499,1.0,APPROVED,1551099,prednisone,RxNorm,Drug,S,283,18,Ingredient,8640,19700101,20991231,
513,venetoclax,513,513,513,1.0,APPROVED,35604205,venetoclax,RxNorm,Drug,S,32,2,Ingredient,1747556,20160502,20991231,
200,OxycoDONE (Immediate Release) ,200,200,200,0.5188301205635071,APPROVED,1124957,oxycodone,RxNorm,Drug,S,1068,21,Ingredient,7804,19700101,20991231,
349,Albumin 25% ,349,349,349,0.5286663174629211,APPROVED,42903893,ovalbumin,RxNorm,Drug,S,0,0,Ingredient,1314593,20121203,20991231,
77,Triamcinolone Acetonide 0.025% Cream,77,77,77,0.7119214534759521,APPROVED,40233993,triamcinolone acetonide 0.25 MG/ML Topical Cream,RxNorm,Drug,S,4,3,Clinical Drug,1085644,20110206,20991231,
370,Ondansetron ODT,370,370,370,0.7087482213973999,APPROVED,1000560,ondansetron,RxNorm,Drug,S,567,3,Ingredient,26225,19700101,20991231,
514,Rivaroxaban,514,514,514,1.0,APPROVED,40241331,rivaroxaban,RxNorm,Drug,S,33,2,Ingredient,1114195,20110731,20991231,
500,Valsartan,500,500,500,1.0,APPROVED,1308842,valsartan,RxNorm,Drug,S,1773,8,Ingredient,69749,19700101,20991231,
442,1,442,442,442,0.0,APPROVED,0,Unmapped,,,,0,0,,,,,
201,Ampicillin,201,201,201,1.0,APPROVED,1717327,ampicillin,RxNorm,Drug,S,610,44,Ingredient,733,19700101,20991231,
371,Bumetanide,371,371,371,1.0,APPROVED,932745,bumetanide,RxNorm,Drug,S,90,50,Ingredient,1808,19700101,20991231,
62,Fluticasone-Salmeterol Diskus (100/50),62,62,62,0.44289374351501465,APPROVED,42902665,fluticasone propionate 0.1 MG/ACTUAT / salmeterol 0.05 MG/ACTUAT Dry Powder Inhaler [Advair],RxNorm,Drug,S,0,7,Branded Drug,1359778,20121203,20991231,
78,MethylPHENIDATE (Ritalin),78,78,78,0.698081910610199,APPROVED,705944,methylphenidate,RxNorm,Drug,S,392,1,Ingredient,6901,19700101,20991231,
202,GuaiFENesin,202,202,202,1.0,APPROVED,1163944,guaifenesin,RxNorm,Drug,S,3260,70,Ingredient,5032,19700101,20991231,
515,Carbamide Peroxide 6.5%,515,515,515,0.7053207159042358,APPROVED,958999,carbamide peroxide,RxNorm,Drug,S,99,4,Ingredient,47686,19700101,20991231,
350,Gastroview (Diatrizoate Meglumine & Sodium),350,350,350,0.4383402466773987,APPROVED,19022596,diatrizoate,RxNorm,Drug,S,36,0,Ingredient,3319,19700101,20991231,
501,Hydroxychloroquine Sulfate,501,501,501,0.9609918594360352,APPROVED,701777,hydroxychloroquine sulfate 100 MG,RxNorm,Drug,S,1,4,Clinical Drug Comp,2569280,20220103,20991231,
79,Lidocaine Jelly 2%,79,79,79,0.5006426572799683,APPROVED,35602800,lidocaine Jet Injector,RxNorm,Drug,S,2,10,Clinical Drug Form,1672969,20160502,20991231,
203,Acetaminophen,203,203,203,1.0,APPROVED,1125315,acetaminophen,RxNorm,Drug,S,7743,82,Ingredient,161,19700101,20991231,
372,Racepinephrine,372,372,372,1.0,APPROVED,1300153,racepinephrine,RxNorm,Drug,S,73,0,Ingredient,66887,19700101,20991231,
63,BusPIRone,63,63,63,1.0,APPROVED,733301,buspirone,RxNorm,Drug,S,83,48,Ingredient,1827,19700101,20991231,
516,Venetoclax,516,516,516,1.0,APPROVED,35604205,venetoclax,RxNorm,Drug,S,32,2,Ingredient,1747556,20160502,20991231,
351,Fluconazole,351,351,351,1.0,APPROVED,1754994,fluconazole,RxNorm,Drug,S,898,29,Ingredient,4450,19700101,20991231,
204,NiMODipine,204,204,204,1.0,APPROVED,1319133,nimodipine,RxNorm,Drug,S,105,1,Ingredient,7426,19700101,20991231,
443,Citrate Dextrose 3% (ACD-A) CRRT,443,443,443,0.1624978631734848,APPROVED,37002611,acetaminophen 325 MG / phenyltoloxamine citrate 30 MG Oral Tablet [Perisine],RxNorm,Drug,S,0,9,Branded Drug,2391582,20210104,20991231,
64,Omeprazole,64,64,64,1.0,APPROVED,923645,omeprazole,RxNorm,Drug,S,900,6,Ingredient,7646,19700101,20991231,
502,Chlorthalidone,502,502,502,1.0,APPROVED,1395058,chlorthalidone,RxNorm,Drug,S,316,58,Ingredient,2409,19700101,20991231,
517,ruxolitinib,517,517,517,1.0,APPROVED,40244464,ruxolitinib,RxNorm,Drug,S,34,1,Ingredient,1193326,20111204,20991231,
205,Nimodipine,205,205,205,1.0,APPROVED,1319133,nimodipine,RxNorm,Drug,S,105,1,Ingredient,7426,19700101,20991231,
352,Micafungin,352,352,352,1.0,APPROVED,19018013,micafungin,RxNorm,Drug,S,24,32,Ingredient,325887,20051113,20991231,
373,Benztropine Mesylate,373,373,373,0.9640412330627441,APPROVED,40168887,benztropine mesylate 1 MG,RxNorm,Drug,S,5,107,Clinical Drug Comp,885212,20100103,20991231,
503,Vitamin A,503,503,503,1.0,APPROVED,19008339,vitamin A,RxNorm,Drug,S,2895,92,Ingredient,11246,19700101,20991231,
65,Topiramate (Topamax),65,65,65,0.45764416456222534,APPROVED,742267,topiramate,RxNorm,Drug,S,526,1,Ingredient,38404,19700101,20991231,
80,Metoprolol Succinate XL,80,80,80,0.7488415241241455,APPROVED,43014167,metoprolol succinate 100 MG,RxNorm,Drug,S,218,185,Clinical Drug Comp,1370483,20130304,20991231,
374,NIFEdipine,374,374,374,1.0,APPROVED,1318853,nifedipine,RxNorm,Drug,S,777,6,Ingredient,7417,19700101,20991231,
444,Calcium Gluconate sliding scale – Ionized calcium,444,444,444,0.39194169640541077,APPROVED,19037038,calcium gluconate,RxNorm,Drug,S,266,29,Ingredient,1908,19700101,20991231,
504,Zinc Sulfate,504,504,504,1.0,APPROVED,19044522,zinc sulfate,RxNorm,Drug,S,1015,50,Ingredient,39954,19700101,20991231,
81,Diltiazem,81,81,81,1.0,APPROVED,1328165,diltiazem,RxNorm,Drug,S,725,3,Ingredient,3443,19700101,20991231,
353,Tuberculin Protein,353,353,353,0.7910915017127991,APPROVED,19010871,tuberculin,RxNorm,Drug,S,25,1,Ingredient,10908,19700101,20991231,
66,LaMOTrigine,66,66,66,1.0,APPROVED,705103,lamotrigine,RxNorm,Drug,S,448,1,Ingredient,28439,19700101,20991231,
375,Furosemide-Heart Failure,375,375,375,0.4920971989631653,APPROVED,956874,furosemide,RxNorm,Drug,S,568,54,Ingredient,4603,19700101,20991231,
206,Ipratropium Bromide MDI,206,206,206,0.6531331539154053,APPROVED,1113075,ipratropium bromide 0.2 MG/ML,RxNorm,Drug,S,39,52,Clinical Drug Comp,836357,20090405,20991231,
518,Vitamin B Complex w/C,518,518,518,0.6730778813362122,APPROVED,19010970,vitamin B complex,RxNorm,Drug,S,58,4,Ingredient,11251,19700101,20991231,
354,Aztreonam,354,354,354,1.0,APPROVED,1715117,aztreonam,RxNorm,Drug,S,57,32,Ingredient,1272,19700101,20991231,
505,Estrogens Conjugated,505,505,505,0.8868744373321533,APPROVED,1549080,"estrogens, conjugated (USP)",RxNorm,Drug,S,212,9,Ingredient,4099,19700101,20991231,
67,Sotalol,67,67,67,1.0,APPROVED,1370109,sotalol,RxNorm,Drug,S,321,4,Ingredient,9947,19700101,20991231,
445,Tucks Hemorrhoidal Oint 1%,445,445,445,0.627768337726593,APPROVED,40222940,mineral oil / pramoxine / zinc oxide Rectal Ointment [Tucks Hemorrhoidal],RxNorm,Drug,S,1,8,Branded Drug Form,995194,20100704,20991231,
82,Amiodarone,82,82,82,1.0,APPROVED,1309944,amiodarone,RxNorm,Drug,S,229,1,Ingredient,703,19700101,20991231,
376,Vitamin D3,376,376,376,1.0,APPROVED,42709324,vitamin D3,RxNorm,Drug,S,905,21,Ingredient,1244014,20120507,20991231,
519,Cetirizine,519,519,519,1.0,APPROVED,1149196,cetirizine,RxNorm,Drug,S,734,4,Ingredient,20610,19700101,20991231,
355,Methylnaltrexone,355,355,355,1.0,APPROVED,909841,methylnaltrexone,RxNorm,Drug,S,18,1,Ingredient,29899,20080629,20991231,
506,PARoxetine,506,506,506,1.0,APPROVED,722031,paroxetine,RxNorm,Drug,S,416,1,Ingredient,32937,19700101,20991231,
207,Hydrocortisone (Rectal) 2.5% Cream,207,207,207,0.5491816997528076,APPROVED,40049707,hydrocortisone Rectal Cream,RxNorm,Drug,S,15,10,Clinical Drug Form,377723,19700101,20991231,
83,Ursodiol,83,83,83,0.8485620617866516,APPROVED,988122,ursodiol 100 MG,RxNorm,Drug,S,8,2,Clinical Drug Comp,384895,19700101,20991231,
446,Fentanyl PCA,446,446,446,0.6638721227645874,APPROVED,1154029,fentanyl,RxNorm,Drug,S,916,18,Ingredient,4337,19700101,20991231,
68,Ciprofloxacin 0.3% Ophth Soln,68,68,68,0.6078882813453674,APPROVED,19075378,ciprofloxacin 3 MG/ML Ophthalmic Solution,RxNorm,Drug,S,40,3,Clinical Drug,309307,19700101,20991231,
507,Febuxostat,507,507,507,1.0,APPROVED,19017742,febuxostat,RxNorm,Drug,S,133,1,Ingredient,73689,20090301,20991231,
84,Clonazepam,84,84,84,1.0,APPROVED,798874,clonazepam,RxNorm,Drug,S,189,2,Ingredient,2598,19700101,20991231,
520,Pyridoxine,520,520,520,1.0,APPROVED,19005046,pyridoxine,RxNorm,Drug,S,4091,94,Ingredient,684879,20071230,20991231,
356,Naloxone,356,356,356,1.0,APPROVED,1114220,naloxone,RxNorm,Drug,S,512,4,Ingredient,7242,19700101,20991231,
377,Cepacol (Sore Throat Lozenge),377,377,377,0.5895617008209229,APPROVED,19123003,benzocaine 10 MG Oral Lozenge [Cepacol],RxNorm,Drug,S,0,8,Branded Drug,605132,20060226,20991231,
508,Methylprednisolone,508,508,508,1.0,APPROVED,1506270,methylprednisolone,RxNorm,Drug,S,537,15,Ingredient,6902,19700101,20991231,
208,Ipratropium Bromide Neb,208,208,208,0.7234532833099365,APPROVED,1113075,ipratropium bromide 0.2 MG/ML,RxNorm,Drug,S,39,52,Clinical Drug Comp,836357,20090405,20991231,
69,PHENObarbital Alcohol Withdrawal Dose Taper (Days 2-7),69,69,69,0.3787623345851898,APPROVED,734275,phenobarbital,RxNorm,Drug,S,1232,88,Ingredient,8134,19700101,20991231,
357,Lactulose Enema,357,357,357,0.753928005695343,APPROVED,987245,lactulose,RxNorm,Drug,S,436,7,Ingredient,6218,19700101,20991231,
447,Calcium Gluconate Replacement (Critical Care and Oncology),447,447,447,0.5186751484870911,APPROVED,19037038,calcium gluconate,RxNorm,Drug,S,266,29,Ingredient,1908,19700101,20991231,
521,Collagenase Ointment,521,521,521,0.9051050543785095,APPROVED,40016963,collagenase Topical Ointment,RxNorm,Drug,S,17,7,Clinical Drug Form,379136,19700101,20991231,
378,23.4% Sodium Chloride,378,378,378,0.523602306842804,APPROVED,702483,sodium chloride 4 MEQ/ML Oral Solution,RxNorm,Drug,S,0,4,Clinical Drug,2587736,20220103,20991231,
85,OLANZapine (Disintegrating Tablet),85,85,85,0.8318243026733398,APPROVED,40101919,olanzapine Disintegrating Oral Tablet,RxNorm,Drug,S,257,73,Clinical Drug Form,374627,19700101,20991231,
509,BuPROPion XL (Once Daily),509,509,509,0.393905907869339,APPROVED,750982,bupropion,RxNorm,Drug,S,166,2,Ingredient,42347,19700101,20991231,
70,Carvedilol,70,70,70,1.0,APPROVED,1346823,carvedilol,RxNorm,Drug,S,550,2,Ingredient,20352,19700101,20991231,
522,Clotrimazole,522,522,522,1.0,APPROVED,1000632,clotrimazole,RxNorm,Drug,S,1275,34,Ingredient,2623,19700101,20991231,
209,Albuterol-Ipratropium,209,209,209,0.5385913848876953,APPROVED,1356123,albuterol / ipratropium Inhalation Solution,RxNorm,Drug,S,30,60,Clinical Drug Form,2108259,20190204,20991231,
358,Sodium Glycerophosphate,358,358,358,0.8576124310493469,APPROVED,1337159,calcium glycerophosphate,RxNorm,Drug,S,156,20,Ingredient,1909,19700101,20991231,
379,Vecuronium Bromide,379,379,379,0.925251305103302,APPROVED,40165388,vecuronium bromide 1 MG/ML,RxNorm,Drug,S,2,36,Clinical Drug Comp,859436,20090906,20991231,
86,Ranitidine (Liquid),86,86,86,0.4977100193500519,APPROVED,961047,ranitidine,RxNorm,Drug,S,1216,2,Ingredient,9143,19700101,20991231,
210,Diazepam,210,210,210,1.0,APPROVED,723013,diazepam,RxNorm,Drug,S,407,52,Ingredient,3322,19700101,20991231,
510,Calcitonin Salmon,510,510,510,0.8953887820243835,APPROVED,1537655,salmon calcitonin,RxNorm,Drug,S,200,1,Ingredient,36118,19700101,20991231,
448,Insulin Pump (Self Administering Medication),448,448,448,0.29313036799430847,APPROVED,45775350,cadmium cation,RxNorm,Drug,S,0,0,Ingredient,1546276,20141201,20991231,
380,HumaLOG,380,380,380,0.5019758343696594,APPROVED,40166274,insulin lispro 100 UNT/ML Injectable Solution [Humalog],RxNorm,Drug,S,61,11,Branded Drug,865098,20091004,20991231,
359,Fleet Enema (Mineral Oil),359,359,359,0.5088127255439758,APPROVED,40065004,mineral oil Enema,RxNorm,Drug,S,2,52,Clinical Drug Form,237951,19700101,20991231,
87,brimonidine,87,87,87,1.0,APPROVED,915542,brimonidine,RxNorm,Drug,S,147,5,Ingredient,134615,19700101,20991231,
255,Verapamil,255,255,255,1.0,APPROVED,1307863,verapamil,RxNorm,Drug,S,659,7,Ingredient,11170,19700101,20991231,
71,Fluticasone Propionate 110mcg,71,71,71,0.5813578963279724,APPROVED,42903220,fluticasone propionate 0.11 MG/ACTUAT Metered Dose Inhaler,RxNorm,Drug,S,8,3,Clinical Drug,1360333,20121203,20991231,
449,Sertraline,449,449,449,1.0,APPROVED,739138,sertraline,RxNorm,Drug,S,439,1,Ingredient,36437,19700101,20991231,
523,PNEUMOcoccal 23-valent polysaccharide vaccine,523,523,523,0.6536736488342285,APPROVED,40163686,Streptococcus pneumoniae type 2 capsular polysaccharide antigen,RxNorm,Drug,S,17,2,Ingredient,854950,20090802,20991231,
381,Pamidronate,381,381,381,1.0,APPROVED,1511646,pamidronate,RxNorm,Drug,S,140,2,Ingredient,11473,19700101,20991231,
360,ertapenem,360,360,360,1.0,APPROVED,1717963,ertapenem,RxNorm,Drug,S,14,32,Ingredient,325642,19700101,20991231,
88,SulfaSALAzine_,88,88,88,0.683498203754425,APPROVED,964339,sulfasalazine,RxNorm,Drug,S,122,1,Ingredient,9524,19700101,20991231,
211,OxyCODONE (Immediate Release),211,211,211,0.5342258810997009,APPROVED,1124957,oxycodone,RxNorm,Drug,S,1068,21,Ingredient,7804,19700101,20991231,
450,Ferrous Sulfate (Liquid),450,450,450,0.6686708927154541,APPROVED,1396131,ferrous sulfate,RxNorm,Drug,S,611,26,Ingredient,24947,19700101,20991231,
89,Phosphorus,89,89,89,1.0,APPROVED,19043395,phosphorus,RxNorm,Drug,S,1177,36,Ingredient,8263,19700101,20991231,
72,Divalproex (DELayed Release),72,72,72,0.6782395839691162,APPROVED,40238244,divalproex sodium 200 MG Delayed Release Oral Tablet,RxNorm,Drug,S,154,4,Clinical Drug,1099768,20110501,20991231,
382,CARBOplatin,382,382,382,1.0,APPROVED,1344905,carboplatin,RxNorm,Drug,S,185,4,Ingredient,40048,19700101,20991231,
256,Brimonidine Tartrate 0.15% Ophth.,256,256,256,0.6258974671363831,APPROVED,40164134,brimonidine tartrate 1.5 MG/ML Ophthalmic Solution,RxNorm,Drug,S,10,3,Clinical Drug,861208,20090906,20991231,
361,Succinylcholine,361,361,361,1.0,APPROVED,836208,succinylcholine,RxNorm,Drug,S,69,1,Ingredient,10154,19700101,20991231,
212,Midodrine,212,212,212,1.0,APPROVED,1308368,midodrine,RxNorm,Drug,S,69,10,Ingredient,6963,19700101,20991231,
19,Insulin,19,19,19,0.716522216796875,APPROVED,35605670,insulin argine,RxNorm,Drug,S,0,0,Ingredient,1740938,20160502,20991231,
90,Bisacodyl,90,90,90,1.0,APPROVED,924939,bisacodyl,RxNorm,Drug,S,464,12,Ingredient,1596,19700101,20991231,
451,Emtricitabine-Tenofovir (Truvada),451,451,451,0.6273210644721985,APPROVED,40124351,emtricitabine / tenofovir disoproxil Oral Tablet [Truvada],RxNorm,Drug,S,5,27,Branded Drug Form,540398,20050911,20991231,
524,Influenza Vaccine Quadrivalent,524,524,524,0.6417529582977295,APPROVED,46287746,influenza A virus A/Bolivia/559/2013 (H1N1) antigen 50000000 MG/ML / influenza A virus A/Switzerland/9715293/2013 (H3N2) antigen 50000000 MG/ML / influenza B virus B/Brisbane/60/2008 antigen 50000000 MG/ML / influenza B virus B/Phuket/3073/2013 antigen...,RxNorm,Drug,S,0,8,Clinical Drug,1664475,20151005,20991231,
362,Aminocaproic Acid,362,362,362,1.0,APPROVED,1369939,6-aminocaproic acid,RxNorm,Drug,S,32,5,Ingredient,99,19700101,20991231,
257,Albumin 25% (12.5g / 50mL),257,257,257,0.33451464772224426,APPROVED,42903893,ovalbumin,RxNorm,Drug,S,0,0,Ingredient,1314593,20121203,20991231,
213,HydrALAzine,213,213,213,1.0,APPROVED,1373928,hydralazine,RxNorm,Drug,S,175,17,Ingredient,5470,19700101,20991231,
20,Simvastatin,20,20,20,1.0,APPROVED,1539403,simvastatin,RxNorm,Drug,S,1223,4,Ingredient,36567,19700101,20991231,
127,LamoTRIgine,127,127,127,1.0,APPROVED,705103,lamotrigine,RxNorm,Drug,S,448,1,Ingredient,28439,19700101,20991231,
452,Nicotine Patch,452,452,452,0.6207741498947144,APPROVED,718583,nicotine,RxNorm,Drug,S,626,35,Ingredient,7407,19700101,20991231,
214,Cephalexin,214,214,214,1.0,APPROVED,1786621,cephalexin,RxNorm,Drug,S,299,34,Ingredient,2231,19700101,20991231,
363,Pantoprazole,363,363,363,1.0,APPROVED,948078,pantoprazole,RxNorm,Drug,S,811,5,Ingredient,40790,19700101,20991231,
419,Salmeterol Xinafoate Diskus (50 mcg),419,419,419,0.58902508020401,APPROVED,40166802,60 ACTUAT salmeterol 0.05 MG/ACTUAT Dry Powder Inhaler [Serevent],RxNorm,Drug,S,10,6,Quant Branded Drug,866049,20091101,20991231,
21,Amlodipine,21,21,21,1.0,APPROVED,1332418,amlodipine,RxNorm,Drug,S,3044,18,Ingredient,17767,19700101,20991231,
258,Octreotide Acetate,258,258,258,0.8360514640808105,APPROVED,1522957,octreotide,RxNorm,Drug,S,241,1,Ingredient,7617,19700101,20991231,
128,Mupirocin Cream 2%,128,128,128,0.7187755703926086,APPROVED,40062280,mupirocin Topical Cream,RxNorm,Drug,S,23,36,Clinical Drug Form,377768,19700101,20991231,
215,Vancomycin Oral Liquid,215,215,215,0.7654280066490173,APPROVED,1707687,vancomycin,RxNorm,Drug,S,322,40,Ingredient,11124,19700101,20991231,
453,Tiotropium Bromide,453,453,453,0.7515981793403625,APPROVED,1106776,tiotropium,RxNorm,Drug,S,109,4,Ingredient,69120,19700101,20991231,
364,Albumin 5% ,364,364,364,0.5525470972061157,APPROVED,42903893,ovalbumin,RxNorm,Drug,S,0,0,Ingredient,1314593,20121203,20991231,
525,Influenza Virus Vaccine,525,525,525,0.5944638252258301,APPROVED,40225008,"influenza A-California-7-2009-(H1N1)v-like virus vaccine 0.03 MG/ML / influenza B virus vaccine B/Brisbane/60/2008 antigen 0.03 MG/ML / influenza virus vaccine, inactivated A-Victoria-210-2009 X-187 (H3N2) (A-Perth-16-2009) strain 0.03 MG/ML Injectable...",RxNorm,Drug,S,0,8,Branded Drug,1006141,20100905,20991231,
22,Olanzapine,22,22,22,1.0,APPROVED,785788,olanzapine,RxNorm,Drug,S,777,49,Ingredient,61381,19700101,20991231,
259,Opium Tincture,259,259,259,0.8795314431190491,APPROVED,19133364,opium tincture 100 MG/ML,RxNorm,Drug,S,4,11,Clinical Drug Comp,830195,20090201,20991231,
216,Digoxin,216,216,216,1.0,APPROVED,1326303,digoxin,RxNorm,Drug,S,290,12,Ingredient,3407,19700101,20991231,
129,riluzole,129,129,129,1.0,APPROVED,735951,riluzole,RxNorm,Drug,S,99,1,Ingredient,35623,19700101,20991231,
420,Amoxicillin-Clavulanic Acid,420,420,420,0.6226524114608765,APPROVED,40105046,amoxicillin / clavulanate Oral Tablet,RxNorm,Drug,S,391,256,Clinical Drug Form,562250,20050911,20991231,
454,RiTONAvir,454,454,454,1.0,APPROVED,1748921,ritonavir,RxNorm,Drug,S,86,2,Ingredient,85762,19700101,20991231,
23,Zolpidem Tartrate,23,23,23,0.9384081363677979,APPROVED,744795,zolpidem tartrate 10 MG,RxNorm,Drug,S,107,211,Clinical Drug Comp,836639,20090405,20991231,
310,Phytonadione,310,310,310,1.0,APPROVED,19044727,vitamin K1,RxNorm,Drug,S,405,28,Ingredient,8308,19700101,20991231,
260,Ondansetron,260,260,260,1.0,APPROVED,1000560,ondansetron,RxNorm,Drug,S,567,3,Ingredient,26225,19700101,20991231,
130,Carbamazepine,130,130,130,1.0,APPROVED,740275,carbamazepine,RxNorm,Drug,S,339,1,Ingredient,2002,19700101,20991231,
421,Cefpodoxime Proxetil,421,421,421,0.8116461038589478,APPROVED,1749008,cefpodoxime,RxNorm,Drug,S,379,20,Ingredient,20489,19700101,20991231,
217,Ketorolac,217,217,217,1.0,APPROVED,1136980,ketorolac,RxNorm,Drug,S,151,3,Ingredient,35827,19700101,20991231,
24,Niacin SR,24,24,24,0.7204403877258301,APPROVED,1517824,niacin,RxNorm,Drug,S,1356,58,Ingredient,7393,19700101,20991231,
526,Pneumococcal Vac Polyvalent,526,526,526,0.6885350346565247,APPROVED,45775996,0.5 ML Streptococcus pneumoniae type 1 capsular polysaccharide antigen 0.05 MG/ML / Streptococcus pneumoniae type 10A capsular polysaccharide antigen 0.05 MG/ML / Streptococcus pneumoniae type 11A capsular polysaccharide antigen 0.05 MG/ML / Streptococ...,RxNorm,Drug,S,0,26,Quant Clinical Drug,1547580,20141201,20991231,
455,Ezetimibe,455,455,455,1.0,APPROVED,1526475,ezetimibe,RxNorm,Drug,S,533,2,Ingredient,341248,19700101,20991231,
311,Lidocaine 0.5%,311,311,311,0.6588681936264038,APPROVED,989878,lidocaine,RxNorm,Drug,S,2960,84,Ingredient,6387,19700101,20991231,
261,Fosphenytoin,261,261,261,1.0,APPROVED,713192,fosphenytoin,RxNorm,Drug,S,19,1,Ingredient,72236,19700101,20991231,
218,Dexamethasone,218,218,218,1.0,APPROVED,1518254,dexamethasone,RxNorm,Drug,S,1809,87,Ingredient,3264,19700101,20991231,
422,Tacrolimus,422,422,422,1.0,APPROVED,950637,tacrolimus,RxNorm,Drug,S,302,3,Ingredient,42316,19700101,20991231,
312,Levofloxacin,312,312,312,1.0,APPROVED,1742253,levofloxacin,RxNorm,Drug,S,945,43,Ingredient,82122,19700101,20991231,
527,Atropine Sulfate,527,527,527,0.881614089012146,APPROVED,40243435,atropine sulfate 1 MG/ML,RxNorm,Drug,S,50,21,Clinical Drug Comp,1190794,20111106,20991231,
25,TraZODone,25,25,25,1.0,APPROVED,703547,trazodone,RxNorm,Drug,S,142,1,Ingredient,10737,19700101,20991231,
292,Isosorbide Dinitrate,292,292,292,1.0,APPROVED,1383925,isosorbide dinitrate,RxNorm,Drug,S,513,6,Ingredient,6058,19700101,20991231,
131,Dexamethasone Ophthalmic Susp 0.1%,131,131,131,0.7115374207496643,APPROVED,40028596,dexamethasone Ophthalmic Suspension,RxNorm,Drug,S,21,8,Clinical Drug Form,371723,19700101,20991231,
262,Oxycodone SR (OxyconTIN),262,262,262,0.5579506754875183,APPROVED,1124957,oxycodone,RxNorm,Drug,S,1068,21,Ingredient,7804,19700101,20991231,
164,Chlorothiazide,164,164,164,1.0,APPROVED,992590,chlorothiazide,RxNorm,Drug,S,103,65,Ingredient,2396,19700101,20991231,
313,Glycopyrrolate,313,313,313,0.9419658780097961,APPROVED,19081297,glycopyrrolate 1 MG,RxNorm,Drug,S,5,65,Clinical Drug Comp,316000,19700101,20991231,
423,Esomeprazole sodium,423,423,423,0.8562815189361572,APPROVED,904453,esomeprazole,RxNorm,Drug,S,757,3,Ingredient,283742,19700101,20991231,
293,Phenytoin Infatab,293,293,293,0.7664304375648499,APPROVED,740910,phenytoin,RxNorm,Drug,S,263,12,Ingredient,8183,19700101,20991231,
26,traZODONE,26,26,26,1.0,APPROVED,703547,trazodone,RxNorm,Drug,S,142,1,Ingredient,10737,19700101,20991231,
263,Phenytoin,263,263,263,1.0,APPROVED,740910,phenytoin,RxNorm,Drug,S,263,12,Ingredient,8183,19700101,20991231,
528,Lidocaine 1% (For PICC/Midline Insertions),528,528,528,0.29149988293647766,APPROVED,19109977,lidocaine 1 MG,RxNorm,Drug,S,27,2,Clinical Drug Comp,439728,19700101,20991231,
132,Miconazole Powder 2%,132,132,132,0.6652010679244995,APPROVED,40063828,miconazole Topical Powder,RxNorm,Drug,S,24,69,Clinical Drug Form,374556,19700101,20991231,
165,LOPERamide,165,165,165,1.0,APPROVED,991876,loperamide,RxNorm,Drug,S,506,10,Ingredient,6468,19700101,20991231,
424,Linezolid,424,424,424,1.0,APPROVED,1736887,linezolid,RxNorm,Drug,S,197,32,Ingredient,190376,19700101,20991231,
314,Neostigmine,314,314,314,1.0,APPROVED,717136,neostigmine,RxNorm,Drug,S,142,8,Ingredient,7315,19700101,20991231,
294,Benzonatate,294,294,294,1.0,APPROVED,1136601,benzonatate,RxNorm,Drug,S,27,6,Ingredient,18993,19700101,20991231,
27,Senna,27,27,27,0.6988370418548584,APPROVED,1511349,Senna pod,RxNorm,Drug,S,35,2,Ingredient,2166041,20190506,20991231,
166,rifAXIMin,166,166,166,1.0,APPROVED,1735947,rifaximin,RxNorm,Drug,S,58,33,Ingredient,35619,19700101,20991231,
425,FoLIC Acid,425,425,425,1.0,APPROVED,19111620,folic acid,RxNorm,Drug,S,3602,46,Ingredient,4511,19700101,20991231,
315,Ferric Gluconate,315,315,315,0.7249050736427307,APPROVED,1399177,sodium ferric gluconate complex,RxNorm,Drug,S,25,1,Ingredient,261435,19700101,20991231,
264,Sulfamethoxazole-Trimethoprim,264,264,264,0.7132495045661926,APPROVED,40081388,sulfamethoxazole / trimethoprim Oral Tablet,RxNorm,Drug,S,117,306,Clinical Drug Form,374234,19700101,20991231,
565,Dextran 40 in NaCl,565,565,565,0.7110768556594849,APPROVED,1592666,dextran 40 Injection,RxNorm,Drug,S,2,4,Clinical Drug Form,1872583,20170807,20991231,
28,Doxazosin,28,28,28,1.0,APPROVED,1363053,doxazosin,RxNorm,Drug,S,399,1,Ingredient,49276,19700101,20991231,
426,Oseltamivir,426,426,426,1.0,APPROVED,1799139,oseltamivir,RxNorm,Drug,S,401,1,Ingredient,260101,19700101,20991231,
295,Phenazopyridine,295,295,295,1.0,APPROVED,933724,phenazopyridine,RxNorm,Drug,S,206,14,Ingredient,8120,19700101,20991231,
133,Fluticasone-Salmeterol Diskus (250/50) ,133,133,133,0.3848489224910736,APPROVED,40169282,60 ACTUAT fluticasone propionate 0.25 MG/ACTUAT / salmeterol 0.05 MG/ACTUAT Dry Powder Inhaler [Advair],RxNorm,Drug,S,0,16,Quant Branded Drug,896212,20100131,20991231,
265,NexIUM,265,265,265,0.5878638029098511,APPROVED,35606348,esomeprazole 20 MG Delayed Release Oral Tablet [Nexium],RxNorm,Drug,S,61,21,Branded Drug,1743279,20160502,20991231,
316,Ibuprofen Suspension,316,316,316,0.9392639994621277,APPROVED,40054148,ibuprofen Oral Suspension,RxNorm,Drug,S,379,584,Clinical Drug Form,370672,19700101,20991231,
427,Famotidine (IV),427,427,427,0.5548935532569885,APPROVED,953076,famotidine,RxNorm,Drug,S,417,6,Ingredient,4278,19700101,20991231,
167,Potassium Chloride Replacement (Critical Care and Oncology) ,167,167,167,0.4708588123321533,APPROVED,19049105,potassium chloride,RxNorm,Drug,S,2663,49,Ingredient,8591,19700101,20991231,
29,Donepezil,29,29,29,1.0,APPROVED,715997,donepezil,RxNorm,Drug,S,728,1,Ingredient,135447,19700101,20991231,
296,Perphenazine,296,296,296,1.0,APPROVED,733008,perphenazine,RxNorm,Drug,S,145,48,Ingredient,8076,19700101,20991231,
566,HYDROmorphone Infusion – Comfort Care Guidelines,566,566,566,0.3366331458091736,APPROVED,1126658,hydromorphone,RxNorm,Drug,S,374,19,Ingredient,3423,19700101,20991231,
317,Scopolamine Patch,317,317,317,0.7106860280036926,APPROVED,965748,scopolamine,RxNorm,Drug,S,490,86,Ingredient,9601,19700101,20991231,
168,Glucose Gel,168,168,168,0.87282395362854,APPROVED,40045804,glucose Oral Gel,RxNorm,Drug,S,53,5,Clinical Drug Form,377980,19700101,20991231,
428,CefTRIAXone,428,428,428,1.0,APPROVED,1777806,ceftriaxone,RxNorm,Drug,S,470,37,Ingredient,2193,19700101,20991231,
266,Fludrocortisone Acetate,266,266,266,0.89028000831604,APPROVED,37002455,fludrocortisone acetate 0.1 MG,RxNorm,Drug,S,4,30,Clinical Drug Comp,2388622,20210104,20991231,
134,Lansoprazole Oral Disintegrating Tab,134,134,134,0.9252710342407227,APPROVED,40140164,lansoprazole Disintegrating Oral Tablet,RxNorm,Drug,S,31,30,Clinical Drug Form,706238,20070701,20991231,
318,PHENObarbital ,318,318,318,0.9982696175575256,APPROVED,734275,phenobarbital,RxNorm,Drug,S,1232,88,Ingredient,8134,19700101,20991231,
567,NORepinephrine,567,567,567,1.0,APPROVED,1321341,norepinephrine,RxNorm,Drug,S,125,14,Ingredient,7512,19700101,20991231,
30,OxyCODONE SR (OxyconTIN),30,30,30,0.5579506754875183,APPROVED,1124957,oxycodone,RxNorm,Drug,S,1068,21,Ingredient,7804,19700101,20991231,
169,Dextrose 50%,169,169,169,0.47119569778442383,APPROVED,19076324,glucose 50 MG/ML Injectable Solution,RxNorm,Drug,S,772,3,Clinical Drug,309778,19700101,20991231,
429,Verapamil SR,429,429,429,0.8173700571060181,APPROVED,1307863,verapamil,RxNorm,Drug,S,659,7,Ingredient,11170,19700101,20991231,
319,Epoetin Alfa,319,319,319,1.0,APPROVED,1301125,epoetin alfa,RxNorm,Drug,S,135,16,Ingredient,105694,19700101,20991231,
568,DOPamine,568,568,568,1.0,APPROVED,1337860,dopamine,RxNorm,Drug,S,118,14,Ingredient,3628,19700101,20991231,
267,Lidocaine 5% Patch,267,267,267,0.5838027000427246,APPROVED,42629129,lidocaine Medicated Patch,RxNorm,Drug,S,11,236,Clinical Drug Form,1792943,20160606,20991231,
297,Dexamethasone Ophthalmic Soln 0.1%,297,297,297,0.7121503353118896,APPROVED,40028592,dexamethasone Ophthalmic Solution,RxNorm,Drug,S,102,24,Clinical Drug Form,377418,19700101,20991231,
135,BuPROPion,135,135,135,1.0,APPROVED,750982,bupropion,RxNorm,Drug,S,166,2,Ingredient,42347,19700101,20991231,
31,OLANZapine,31,31,31,1.0,APPROVED,785788,olanzapine,RxNorm,Drug,S,777,49,Ingredient,61381,19700101,20991231,
170,Magnesium Sulfate,170,170,170,1.0,APPROVED,19093848,magnesium sulfate,RxNorm,Drug,S,493,44,Ingredient,6585,19700101,20991231,
430,Filgrastim,430,430,430,1.0,APPROVED,1304850,filgrastim,RxNorm,Drug,S,166,3,Ingredient,68442,19700101,20991231,
569,DOBUTamine,569,569,569,1.0,APPROVED,1337720,dobutamine,RxNorm,Drug,S,118,6,Ingredient,3616,19700101,20991231,
268,Tamoxifen Citrate,268,268,268,0.7908113598823547,APPROVED,1436678,tamoxifen,RxNorm,Drug,S,345,3,Ingredient,10324,19700101,20991231,
32,Lorazepam,32,32,32,1.0,APPROVED,791967,lorazepam,RxNorm,Drug,S,196,49,Ingredient,6470,19700101,20991231,
298,Calcium Acetate,298,298,298,1.0,APPROVED,951469,calcium acetate,RxNorm,Drug,S,173,22,Ingredient,214342,19700101,20991231,
136,Acetaminophen IV,136,136,136,0.846114456653595,APPROVED,1125315,acetaminophen,RxNorm,Drug,S,7743,82,Ingredient,161,19700101,20991231,
320,Acetaminophen-Caff-Butalbital,320,320,320,0.5408264398574829,APPROVED,40004013,acetaminophen / butalbital / caffeine Oral Tablet,RxNorm,Drug,S,15,163,Clinical Drug Form,374751,19700101,20991231,
431,Ambisome,431,431,431,0.7317653894424438,APPROVED,40175780,amphotericin B liposomal 50 MG Injection [AmBisome],RxNorm,Drug,S,4,8,Branded Drug,967388,20100502,20991231,
570,Clevidipine,570,570,570,1.0,APPROVED,19089969,clevidipine,RxNorm,Drug,S,9,1,Ingredient,233603,20080831,20991231,
171,Potassium Phosphate,171,171,171,1.0,APPROVED,19027362,potassium phosphate,RxNorm,Drug,S,364,24,Ingredient,34322,19700101,20991231,
299,Indomethacin,299,299,299,1.0,APPROVED,1178663,indomethacin,RxNorm,Drug,S,505,12,Ingredient,5781,19700101,20991231,
33,Gabapentin,33,33,33,1.0,APPROVED,797399,gabapentin,RxNorm,Drug,S,836,1,Ingredient,25480,19700101,20991231,
269,RISperidone,269,269,269,1.0,APPROVED,735979,risperidone,RxNorm,Drug,S,954,48,Ingredient,35636,19700101,20991231,
300,Aspirin,300,300,300,1.0,APPROVED,1112807,aspirin,RxNorm,Drug,S,3127,77,Ingredient,1191,19700101,20991231,
321,Azithromycin,321,321,321,1.0,APPROVED,1734104,azithromycin,RxNorm,Drug,S,749,38,Ingredient,18631,19700101,20991231,
432,OSELTAMivir,432,432,432,1.0,APPROVED,1799139,oseltamivir,RxNorm,Drug,S,401,1,Ingredient,260101,19700101,20991231,
571,Acetylcysteine (IV),571,571,571,0.6656171679496765,APPROVED,1139042,acetylcysteine,RxNorm,Drug,S,1303,31,Ingredient,197,19700101,20991231,
172,Sodium Phosphate,172,172,172,1.0,APPROVED,939871,sodium phosphate,RxNorm,Drug,S,228,28,Ingredient,36709,19700101,20991231,
270,Ramelteon,270,270,270,1.0,APPROVED,781182,ramelteon,RxNorm,Drug,S,8,48,Ingredient,596205,20051204,20991231,
137,LeVETiracetam Oral Solution,137,137,137,1.0,APPROVED,40052545,levetiracetam Oral Solution,RxNorm,Drug,S,207,97,Clinical Drug Form,406121,19700101,20991231,
301,sevelamer CARBONATE,301,301,301,0.8363959789276123,APPROVED,19127951,sevelamer carbonate 800 MG,RxNorm,Drug,S,10,64,Clinical Drug Comp,749204,20071230,20991231,
433,Filgrastim-sndz,433,433,433,0.8299446105957031,APPROVED,1301857,filgrastim-sndz 0.3 MG/ML,RxNorm,Drug,S,6,2,Clinical Drug Comp,2631136,20230501,20991231,
34,Sodium Fluoride 1.1% (Dental Gel),34,34,34,0.5615922808647156,APPROVED,19084701,sodium fluoride 1.1 MG,RxNorm,Drug,S,19,41,Clinical Drug Comp,330228,19700101,20991231,
271,Prazosin,271,271,271,1.0,APPROVED,1350489,prazosin,RxNorm,Drug,S,135,2,Ingredient,8629,19700101,20991231,
572,Ropivacaine 0.2%,572,572,572,0.6671082377433777,APPROVED,1136487,ropivacaine,RxNorm,Drug,S,185,9,Ingredient,35780,19700101,20991231,
138,Potassium Chloride (Powder),138,138,138,0.8037438988685608,APPROVED,40076078,potassium chloride Oral Powder,RxNorm,Drug,S,79,4,Clinical Drug Form,378161,19700101,20991231,
434,Daptomycin,434,434,434,1.0,APPROVED,1786617,daptomycin,RxNorm,Drug,S,23,32,Ingredient,22299,19700101,20991231,
322,Sodium Polystyrene Sulfonate,322,322,322,1.0,APPROVED,19078126,sodium polystyrene sulfonate,RxNorm,Drug,S,68,1,Ingredient,56512,19700101,20991231,
173,Heparin (CRRT Machine Priming),173,173,173,0.33338722586631775,APPROVED,1367571,heparin,RxNorm,Drug,S,825,40,Ingredient,5224,19700101,20991231,
139,Hydroxyurea,139,139,139,1.0,APPROVED,1377141,hydroxyurea,RxNorm,Drug,S,59,2,Ingredient,5552,19700101,20991231,
272,Losartan Potassium,272,272,272,0.898717999458313,APPROVED,40185275,losartan potassium 100 MG,RxNorm,Drug,S,396,396,Clinical Drug Comp,979463,20100606,20991231,
302,Isosorbide Mononitrate,302,302,302,0.9470480680465698,APPROVED,1383867,isosorbide mononitrate 10 MG,RxNorm,Drug,S,16,16,Clinical Drug Comp,353423,19700101,20991231,
35,Albuterol Inhaler,35,35,35,0.8179944157600403,APPROVED,1356108,albuterol Inhalation Solution,RxNorm,Drug,S,146,99,Clinical Drug Form,2108226,20190204,20991231,
435,Fentanyl Patch,435,435,435,0.6641356945037842,APPROVED,1154029,fentanyl,RxNorm,Drug,S,916,18,Ingredient,4337,19700101,20991231,
573,Golytely,573,573,573,0.40597984194755554,APPROVED,19130941,dibasic potassium phosphate 1.3 MG/ML / glucose 50 MG/ML / sodium acetate 0.0302 MEQ/ML / sodium chloride 0.0155 MEQ/ML Injectable Solution [Isolyte M],RxNorm,Drug,S,0,9,Branded Drug,800790,20080727,20991231,
174,Nitroglycerin SL,174,174,174,0.8737390041351318,APPROVED,1361711,nitroglycerin,RxNorm,Drug,S,1049,35,Ingredient,4917,19700101,20991231,
303,Warfarin,303,303,303,1.0,APPROVED,1310149,warfarin,RxNorm,Drug,S,126,2,Ingredient,11289,19700101,20991231,
574,EPINEPHrine,574,574,574,1.0,APPROVED,1343916,epinephrine,RxNorm,Drug,S,1016,60,Ingredient,3992,19700101,20991231,
273,RisperiDONE,273,273,273,1.0,APPROVED,735979,risperidone,RxNorm,Drug,S,954,48,Ingredient,35636,19700101,20991231,
36,Docusate Sodium,36,36,36,0.8972286581993103,APPROVED,42706627,docusate sodium 10 MG,RxNorm,Drug,S,1,1,Clinical Drug Comp,1248201,20120507,20991231,
140,Cyclobenzaprine,140,140,140,1.0,APPROVED,778711,cyclobenzaprine,RxNorm,Drug,S,79,2,Ingredient,21949,19700101,20991231,
304,Midazolam,304,304,304,1.0,APPROVED,708298,midazolam,RxNorm,Drug,S,226,49,Ingredient,6960,19700101,20991231,
575,Glycerin Supps,575,575,575,0.6753281354904175,APPROVED,961145,glycerin,RxNorm,Drug,S,1305,57,Ingredient,4910,19700101,20991231,
323,Morphine Sulfate (Oral Solution) 2 mg/mL,323,323,323,0.78886878490448,APPROVED,40169944,morphine sulfate 2 MG/ML Oral Solution,RxNorm,Drug,S,108,4,Clinical Drug,892589,20100131,20991231,
436,Clonidine Patch 0.2 mg/24 hr,436,436,436,0.5406278967857361,APPROVED,40163939,24 HR nitroglycerin 0.1 MG/HR Transdermal System [Minitran],RxNorm,Drug,S,0,20,Quant Branded Drug,861659,20090906,20991231,
141,Propranolol,141,141,141,1.0,APPROVED,1353766,propranolol,RxNorm,Drug,S,457,8,Ingredient,8787,19700101,20991231,
274,TraMADOL (Ultram),274,274,274,0.5201859474182129,APPROVED,1103314,tramadol,RxNorm,Drug,S,1851,12,Ingredient,10689,19700101,20991231,
1,Lidocaine Jelly 2% (Urojet),1,1,1,0.45235687494277954,APPROVED,35602800,lidocaine Jet Injector,RxNorm,Drug,S,2,10,Clinical Drug Form,1672969,20160502,20991231,
305,Protamine Sulfate,305,305,305,0.6757981777191162,APPROVED,36249934,5 ML protamine sulfate (USP) 10 MG/ML Injection,RxNorm,Drug,S,5,6,Quant Clinical Drug,1796672,20160801,20991231,
142,Ascorbic Acid,142,142,142,1.0,APPROVED,19011773,ascorbic acid,RxNorm,Drug,S,5976,92,Ingredient,1151,19700101,20991231,
275,Methocarbamol,275,275,275,1.0,APPROVED,704943,methocarbamol,RxNorm,Drug,S,285,16,Ingredient,6845,19700101,20991231,
175,Potassium Chloride Replacement (Critical Care and Oncology),175,175,175,0.48617440462112427,APPROVED,19049105,potassium chloride,RxNorm,Drug,S,2663,49,Ingredient,8591,19700101,20991231,
576,Miconazole Nitrate Vag Cream 2%,576,576,576,0.6639480590820312,APPROVED,40223953,miconazole nitrate 20 MG/ML Vaginal Cream,RxNorm,Drug,S,39,3,Clinical Drug,998540,20100801,20991231,
2,Albumin 5% (25g / 500mL),2,2,2,0.35073724389076233,APPROVED,42903893,ovalbumin,RxNorm,Drug,S,0,0,Ingredient,1314593,20121203,20991231,
324,Insulin Glargine  (CVICU Protocol),324,324,324,0.3946914076805115,APPROVED,1502905,insulin glargine,RxNorm,Drug,S,97,4,Ingredient,274783,19700101,20991231,
437,Clonidine Patch 0.3 mg/24 hr,437,437,437,0.5335262417793274,APPROVED,40163939,24 HR nitroglycerin 0.1 MG/HR Transdermal System [Minitran],RxNorm,Drug,S,0,20,Quant Branded Drug,861659,20090906,20991231,
306,Fentanyl Citrate,306,306,306,0.7284156680107117,APPROVED,1154029,fentanyl,RxNorm,Drug,S,916,18,Ingredient,4337,19700101,20991231,
143,Clotrimazole Cream,143,143,143,0.8933133482933044,APPROVED,40026931,clotrimazole Topical Cream,RxNorm,Drug,S,557,323,Clinical Drug Form,377660,19700101,20991231,
577,Glucagon,577,577,577,1.0,APPROVED,1560278,glucagon,RxNorm,Drug,S,39,1,Ingredient,4832,19700101,20991231,
276,Vancomycin Enema,276,276,276,0.8041378259658813,APPROVED,1707687,vancomycin,RxNorm,Drug,S,322,40,Ingredient,11124,19700101,20991231,
3,Polyethylene Glycol,3,3,3,0.9379507899284363,APPROVED,948515,polyethylene glycols,RxNorm,Drug,S,234,10,Ingredient,8516,19700101,20991231,
176,Artificial Tear Ointment,176,176,176,0.4081324338912964,APPROVED,40026671,cortisone Topical Ointment,RxNorm,Drug,S,2,2,Clinical Drug Form,438696,19700101,20991231,
401,Prochlorperazine,401,401,401,1.0,APPROVED,752061,prochlorperazine,RxNorm,Drug,S,108,49,Ingredient,8704,19700101,20991231,
277,nitroglycerin,277,277,277,1.0,APPROVED,1361711,nitroglycerin,RxNorm,Drug,S,1049,35,Ingredient,4917,19700101,20991231,
578,PHENYLEPHrine,578,578,578,1.0,APPROVED,1135766,phenylephrine,RxNorm,Drug,S,3490,76,Ingredient,8163,19700101,20991231,
325,Oxycodone-Acetaminophen (5mg-325mg),325,325,325,0.4302622079849243,APPROVED,40002751,acetaminophen / oxycodone Oral Tablet,RxNorm,Drug,S,61,300,Clinical Drug Form,373200,19700101,20991231,
144,Sulfameth/Trimethoprim SS,144,144,144,0.5110539793968201,APPROVED,40101830,sulfametrole / trimethoprim Oral Tablet,RxNorm,Drug,S,6,5,Clinical Drug Form,374236,19700101,20991231,
4,MoviPrep,4,4,4,0.6231319308280945,APPROVED,794078,vasoactive intestinal peptide,RxNorm,Drug,S,0,0,Ingredient,1942960,20180205,20991231,
307,Oxycodone-Acetaminophen,307,307,307,0.6730319857597351,APPROVED,40002751,acetaminophen / oxycodone Oral Tablet,RxNorm,Drug,S,61,300,Clinical Drug Form,373200,19700101,20991231,
177,Heparin Flush (10 units/ml),177,177,177,0.2505451440811157,APPROVED,1367697,heparin calcium 25000 UNT/ML,RxNorm,Drug,S,3,2,Clinical Drug Comp,849698,20090531,20991231,
278,Capsaicin 0.025%,278,278,278,0.7985581159591675,APPROVED,1718244,capsaicin 0.025 MG/ML,RxNorm,Drug,S,1,5,Clinical Drug Comp,1855090,20170103,20991231,
579,Norepinephrine,579,579,579,1.0,APPROVED,1321341,norepinephrine,RxNorm,Drug,S,125,14,Ingredient,7512,19700101,20991231,
326,Morphine Sulfate IR,326,326,326,0.8512147665023804,APPROVED,40169889,morphine sulfate 10 MG,RxNorm,Drug,S,119,18,Clinical Drug Comp,892493,20100131,20991231,
402,Hepatitis B Vaccine,402,402,402,0.6499143838882446,APPROVED,528323,hepatitis B surface antigen vaccine,RxNorm,Drug,S,190,12,Ingredient,797752,20080629,20991231,
5,Lidocaine Jelly 2% (Glydo),5,5,5,0.3721165657043457,APPROVED,45776698,lidocaine Topical Gel [Glydo],RxNorm,Drug,S,1,7,Branded Drug Form,1549445,20141201,20991231,
145,Oxymetazoline,145,145,145,1.0,APPROVED,925636,oxymetazoline,RxNorm,Drug,S,285,5,Ingredient,7812,19700101,20991231,
308,HydrOXYzine,308,308,308,1.0,APPROVED,777221,hydroxyzine,RxNorm,Drug,S,246,57,Ingredient,5553,19700101,20991231,
178,Sodium Chloride 0.9%  Flush,178,178,178,0.37267476320266724,APPROVED,967823,sodium chloride,RxNorm,Drug,S,4043,60,Ingredient,9863,19700101,20991231,
327,CeftriaXONE,327,327,327,1.0,APPROVED,1777806,ceftriaxone,RxNorm,Drug,S,470,37,Ingredient,2193,19700101,20991231,
109,Torsemide,109,109,109,1.0,APPROVED,942350,torsemide,RxNorm,Drug,S,234,47,Ingredient,38413,19700101,20991231,
6,Vancomycin,6,6,6,1.0,APPROVED,1707687,vancomycin,RxNorm,Drug,S,322,40,Ingredient,11124,19700101,20991231,
279,Chlorpheniramine Maleate,279,279,279,0.9449955821037292,APPROVED,40233648,chlorpheniramine maleate 1 MG,RxNorm,Drug,S,36,8,Clinical Drug Comp,1053623,20110206,20991231,
580,Nitroprusside Sodium,580,580,580,0.8635439872741699,APPROVED,19020994,nitroprusside,RxNorm,Drug,S,44,2,Ingredient,7476,19700101,20991231,
237,Ibuprofen,237,237,237,1.0,APPROVED,1177480,ibuprofen,RxNorm,Drug,S,2865,27,Ingredient,5640,19700101,20991231,
403,Heparin (Hemodialysis),403,403,403,0.410235732793808,APPROVED,1367571,heparin,RxNorm,Drug,S,825,40,Ingredient,5224,19700101,20991231,
179,Calcium Gluconate,179,179,179,1.0,APPROVED,19037038,calcium gluconate,RxNorm,Drug,S,266,29,Ingredient,1908,19700101,20991231,
309,Epinephrine 1:1000,309,309,309,0.8777595162391663,APPROVED,19076899,epinephrine 1 MG/ML Injectable Solution,RxNorm,Drug,S,197,3,Clinical Drug,310132,19700101,20991231,
110,Lisinopril,110,110,110,1.0,APPROVED,1308216,lisinopril,RxNorm,Drug,S,517,5,Ingredient,29046,19700101,20991231,
7,Albumin 5%,7,7,7,0.6204880475997925,APPROVED,42903893,ovalbumin,RxNorm,Drug,S,0,0,Ingredient,1314593,20121203,20991231,
581,Phenylephrine,581,581,581,1.0,APPROVED,1135766,phenylephrine,RxNorm,Drug,S,3490,76,Ingredient,8163,19700101,20991231,
404,OxycoDONE Liquid,404,404,404,0.7793360352516174,APPROVED,1124957,oxycodone,RxNorm,Drug,S,1068,21,Ingredient,7804,19700101,20991231,
219,Meropenem,219,219,219,1.0,APPROVED,1709170,meropenem,RxNorm,Drug,S,289,33,Ingredient,29561,19700101,20991231,
180,Milk of Magnesia,180,180,180,0.8558661341667175,APPROVED,19107061,magnesium hydroxide 50 MG Oral Tablet,RxNorm,Drug,S,0,4,Clinical Drug,430294,19700101,20991231,
280,Nystatin Oral Suspension,280,280,280,1.0,APPROVED,40068148,nystatin Oral Suspension,RxNorm,Drug,S,26,72,Clinical Drug Form,373136,19700101,20991231,
405,Decitabine,405,405,405,1.0,APPROVED,19024728,decitabine,RxNorm,Drug,S,31,3,Ingredient,15657,20061119,20991231,
8,Albumin 5% (12.5g / 250mL),8,8,8,0.3361646831035614,APPROVED,42903893,ovalbumin,RxNorm,Drug,S,0,0,Ingredient,1314593,20121203,20991231,
111,MetFORMIN XR (Glucophage XR),111,111,111,0.48540014028549194,APPROVED,40063356,metformin Oral Tablet [Glucophage],RxNorm,Drug,S,7,11,Branded Drug Form,368254,19700101,20991231,
238,Ipratropium-Albuterol Inhalation Spray,238,238,238,0.7470516562461853,APPROVED,37499261,albuterol / ipratropium Inhalation Spray,RxNorm,Drug,S,12,7,Clinical Drug Form,2284636,20200504,20991231,
181,Lidocaine 1%,181,181,181,0.6820515990257263,APPROVED,989878,lidocaine,RxNorm,Drug,S,2960,84,Ingredient,6387,19700101,20991231,
582,Morphine Infusion – Comfort Care Guidelines,582,582,582,0.2706376016139984,APPROVED,1110410,morphine,RxNorm,Drug,S,941,27,Ingredient,7052,19700101,20991231,
220,Ipratropium-Albuterol Neb,220,220,220,0.5251760482788086,APPROVED,1356123,albuterol / ipratropium Inhalation Solution,RxNorm,Drug,S,30,60,Clinical Drug Form,2108259,20190204,20991231,
9,Naproxen,9,9,9,1.0,APPROVED,1115008,naproxen,RxNorm,Drug,S,557,9,Ingredient,7258,19700101,20991231,
406,Fosaprepitant,406,406,406,1.0,APPROVED,35605594,fosaprepitant,RxNorm,Drug,S,22,1,Ingredient,1731071,20160502,20991231,
239,CefTAZidime,239,239,239,1.0,APPROVED,1776684,ceftazidime,RxNorm,Drug,S,387,33,Ingredient,2191,19700101,20991231,
146,Atenolol,146,146,146,1.0,APPROVED,1314002,atenolol,RxNorm,Drug,S,744,9,Ingredient,1202,19700101,20991231,
112,Pseudoephedrine,112,112,112,1.0,APPROVED,1154332,pseudoephedrine,RxNorm,Drug,S,3349,33,Ingredient,8896,19700101,20991231,
281,Maalox/Diphenhydramine/Lidocaine,281,281,281,0.41269248723983765,APPROVED,40031849,diphenhydramine / lidocaine Topical Gel,RxNorm,Drug,S,6,7,Clinical Drug Form,439203,19700101,20991231,
10,Cyanocobalamin,10,10,10,0.8979908227920532,APPROVED,19075953,vitamin B12 1 MG Oral Tablet,RxNorm,Drug,S,49,4,Clinical Drug,309593,19700101,20991231,
221,Ampicillin-Sulbactam,221,221,221,0.6656755208969116,APPROVED,46275615,ampicillin / sulbactam Injection,RxNorm,Drug,S,30,35,Clinical Drug Form,1659591,20150908,20991231,
240,CefazoLIN,240,240,240,1.0,APPROVED,1771162,cefazolin,RxNorm,Drug,S,171,32,Ingredient,2180,19700101,20991231,
407,Fludarabine Phosphate,407,407,407,0.9537755846977234,APPROVED,19133314,fludarabine phosphate 10 MG,RxNorm,Drug,S,9,4,Clinical Drug Comp,828705,20090104,20991231,
147,GlyBURIDE,147,147,147,1.0,APPROVED,1559684,glyburide,RxNorm,Drug,S,468,3,Ingredient,4815,19700101,20991231,
113,Dronabinol,113,113,113,1.0,APPROVED,1037005,dronabinol,RxNorm,Drug,S,48,5,Ingredient,10402,19700101,20991231,
282,Erythromycin 0.5% Ophth Oint,282,282,282,0.6755571961402893,APPROVED,19076953,erythromycin 0.005 MG/MG Ophthalmic Ointment,RxNorm,Drug,S,6,3,Clinical Drug,310149,19700101,20991231,
241,Amoxicillin,241,241,241,1.0,APPROVED,1713332,amoxicillin,RxNorm,Drug,S,3128,44,Ingredient,723,19700101,20991231,
222,vancomycin,222,222,222,1.0,APPROVED,1707687,vancomycin,RxNorm,Drug,S,322,40,Ingredient,11124,19700101,20991231,
11,Famotidine,11,11,11,1.0,APPROVED,953076,famotidine,RxNorm,Drug,S,417,6,Ingredient,4278,19700101,20991231,
148,Colchicine,148,148,148,1.0,APPROVED,1101554,colchicine,RxNorm,Drug,S,110,4,Ingredient,2683,19700101,20991231,
114,Enalapril Maleate,114,114,114,0.925060510635376,APPROVED,40165755,enalapril maleate 10 MG,RxNorm,Drug,S,189,168,Clinical Drug Comp,858816,20090906,20991231,
408,Cisatracurium Besylate,408,408,408,0.8424208760261536,APPROVED,40173643,atracurium besylate 10 MG/ML,RxNorm,Drug,S,52,17,Clinical Drug Comp,966767,20100404,20991231,
242,MetroNIDAZOLE,242,242,242,1.0,APPROVED,1707164,metronidazole,RxNorm,Drug,S,624,33,Ingredient,6922,19700101,20991231,
223,Acetaminophen (Liquid),223,223,223,0.548863410949707,APPROVED,1125315,acetaminophen,RxNorm,Drug,S,7743,82,Ingredient,161,19700101,20991231,
283,Caphosol,283,283,283,0.3500306010246277,APPROVED,43013180,polymetaphosphate,RxNorm,Drug,S,0,0,Ingredient,1364922,20130204,20991231,
12,Potassium Chloride,12,12,12,1.0,APPROVED,19049105,potassium chloride,RxNorm,Drug,S,2663,49,Ingredient,8591,19700101,20991231,
149,Sodium Chloride Nasal,149,149,149,0.9339506030082703,APPROVED,40080077,sodium chloride Nasal Solution,RxNorm,Drug,S,35,9,Clinical Drug Form,313019,19700101,20991231,
409,IDArubicin,409,409,409,1.0,APPROVED,19078097,idarubicin,RxNorm,Drug,S,64,3,Ingredient,5650,19700101,20991231,
243,Captopril,243,243,243,1.0,APPROVED,1340128,captopril,RxNorm,Drug,S,620,3,Ingredient,1998,19700101,20991231,
224,Hydrocortisone Na Succ.,224,224,224,0.6036972999572754,APPROVED,975125,hydrocortisone,RxNorm,Drug,S,2836,59,Ingredient,5492,19700101,20991231,
410,Doxercalciferol,410,410,410,1.0,APPROVED,1512446,doxercalciferol,RxNorm,Drug,S,21,1,Ingredient,11516,19700101,20991231,
13,Magnesium Citrate,13,13,13,1.0,APPROVED,967861,magnesium citrate,RxNorm,Drug,S,241,30,Ingredient,52356,19700101,20991231,
583,"Alteplase 1mg/2mL ( Clearance ie. PICC, midline, tunneled access line, PA )",583,583,583,0.20555301010608673,APPROVED,40220964,alteplase 50 MG,RxNorm,Drug,S,9,3,Clinical Drug Comp,1804803,20161003,20991231,
115,Clobetasol Propionate 0.05% Ointment,115,115,115,0.6765739917755127,APPROVED,40164505,clobetasol propionate 0.0005 MG/MG Topical Ointment,RxNorm,Drug,S,203,3,Clinical Drug,861448,20090906,20991231,
411,Digox,411,411,411,0.8880891799926758,APPROVED,1326303,digoxin,RxNorm,Drug,S,290,12,Ingredient,3407,19700101,20991231,
244,MetRONIDAZOLE (FLagyl),244,244,244,0.7056198716163635,APPROVED,40062625,metronidazole Oral Tablet [Flagyl],RxNorm,Drug,S,4,9,Branded Drug Form,92719,19700101,20991231,
284,PrednisoLONE Acetate 1% Ophth. Susp.,284,284,284,0.5358291864395142,APPROVED,43526395,prednisolone acetate 10 MG/ML Ophthalmic Suspension,RxNorm,Drug,S,26,3,Clinical Drug,1376336,20130506,20991231,
150,Multivitamins W/minerals,150,150,150,0.2773633897304535,APPROVED,19008339,vitamin A,RxNorm,Drug,S,2895,92,Ingredient,11246,19700101,20991231,
225,Piperacillin-Tazobactam,225,225,225,0.6867246627807617,APPROVED,46275426,piperacillin / tazobactam Injection,RxNorm,Drug,S,52,53,Clinical Drug Form,1659130,20150908,20991231,
14,Amitriptyline,14,14,14,1.0,APPROVED,710062,amitriptyline,RxNorm,Drug,S,378,2,Ingredient,704,19700101,20991231,
245,CeFAZolin,245,245,245,1.0,APPROVED,1771162,cefazolin,RxNorm,Drug,S,171,32,Ingredient,2180,19700101,20991231,
412,Prasugrel,412,412,412,1.0,APPROVED,40163718,prasugrel,RxNorm,Drug,S,35,3,Ingredient,613391,20090802,20991231,
285,moxifloxacin,285,285,285,1.0,APPROVED,1716903,moxifloxacin,RxNorm,Drug,S,292,33,Ingredient,139462,19700101,20991231,
547,Hydrocodone-Acetaminophen,547,547,547,0.6696166396141052,APPROVED,40002706,acetaminophen / hydrocodone Oral Tablet,RxNorm,Drug,S,72,714,Clinical Drug Form,370641,19700101,20991231,
226,Metoclopramide,226,226,226,1.0,APPROVED,906780,metoclopramide,RxNorm,Drug,S,569,5,Ingredient,6915,19700101,20991231,
151,Enoxaparin Sodium,151,151,151,0.8816205263137817,APPROVED,40160947,enoxaparin sodium 100 MG/ML,RxNorm,Drug,S,138,64,Clinical Drug Comp,854227,20090705,20991231,
116,Triamcinolone Acetonide 0.1% Ointment,116,116,116,0.682948112487793,APPROVED,40233964,triamcinolone acetonide 0.001 MG/MG Topical Ointment,RxNorm,Drug,S,163,3,Clinical Drug,1085636,20110206,20991231,
286,Pravastatin,286,286,286,1.0,APPROVED,1551860,pravastatin,RxNorm,Drug,S,481,3,Ingredient,42463,19700101,20991231,
15,Latanoprost 0.005% Ophth. Soln.,15,15,15,0.47197744250297546,APPROVED,19080125,latanoprost 0.05 MG/ML Ophthalmic Solution,RxNorm,Drug,S,288,3,Clinical Drug,314072,19700101,20991231,
246,Phenytoin Sodium (IV),246,246,246,0.6262869834899902,APPROVED,40163207,phenytoin sodium 100 MG,RxNorm,Drug,S,40,128,Clinical Drug Comp,855670,20090802,20991231,
227,Erythromycin,227,227,227,1.0,APPROVED,1746940,erythromycin,RxNorm,Drug,S,1122,43,Ingredient,4053,19700101,20991231,
152,Ferrous Sulfate,152,152,152,1.0,APPROVED,1396131,ferrous sulfate,RxNorm,Drug,S,611,26,Ingredient,24947,19700101,20991231,
413,Pancrelipase 5000,413,413,413,0.8823338747024536,APPROVED,990340,pancrelipase,RxNorm,Drug,S,31,6,Ingredient,235379,19700101,20991231,
117,Fexofenadine,117,117,117,1.0,APPROVED,1153428,fexofenadine,RxNorm,Drug,S,188,2,Ingredient,87636,19700101,20991231,
16,Tamsulosin,16,16,16,1.0,APPROVED,924566,tamsulosin,RxNorm,Drug,S,526,1,Ingredient,77492,19700101,20991231,
287,Rosuvastatin Calcium,287,287,287,0.9249393939971924,APPROVED,40165244,rosuvastatin calcium 10 MG,RxNorm,Drug,S,333,149,Clinical Drug Comp,859746,20090906,20991231,
548,Guaifenesin-Dextromethorphan,548,548,548,0.7282578349113464,APPROVED,40036170,dextromethorphan / guaifenesin Oral Tablet,RxNorm,Drug,S,9,150,Clinical Drug Form,371768,19700101,20991231,
247,Phenytoin (Suspension),247,247,247,0.8093177676200867,APPROVED,40075267,phenytoin Oral Suspension,RxNorm,Drug,S,42,37,Clinical Drug Form,373438,19700101,20991231,
228,HydrALAZINE,228,228,228,1.0,APPROVED,1373928,hydralazine,RxNorm,Drug,S,175,17,Ingredient,5470,19700101,20991231,
414,Clarithromycin,414,414,414,1.0,APPROVED,1750500,clarithromycin,RxNorm,Drug,S,1093,39,Ingredient,21212,19700101,20991231,
288,Thiamine,288,288,288,1.0,APPROVED,19137312,thiamine,RxNorm,Drug,S,4594,104,Ingredient,10454,19700101,20991231,
118,Dabigatran Etexilate,118,118,118,1.0,APPROVED,40228152,dabigatran etexilate,RxNorm,Drug,S,27,1,Ingredient,1037042,20101031,20991231,
248,CefePIME,248,248,248,1.0,APPROVED,1748975,cefepime,RxNorm,Drug,S,138,36,Ingredient,20481,19700101,20991231,
153,BuPROPion (Sustained Release),153,153,153,0.5043579936027527,APPROVED,40015484,bupropion Extended Release Oral Tablet,RxNorm,Drug,S,95,580,Clinical Drug Form,378354,19700101,20991231,
549,Xopenex Neb,549,549,549,0.3906925618648529,APPROVED,1192220,levalbuterol 0.21 MG/ML Inhalation Solution [Xopenex],RxNorm,Drug,S,0,32,Branded Drug,261136,19700101,20991231,
17,Atorvastatin,17,17,17,1.0,APPROVED,1545958,atorvastatin,RxNorm,Drug,S,1320,7,Ingredient,83367,19700101,20991231,
229,Acetylcysteine 20%,229,229,229,0.8025917410850525,APPROVED,19108542,acetylcysteine 200 MG,RxNorm,Drug,S,200,3,Clinical Drug Comp,436988,19700101,20991231,
415,Doxycycline Hyclate,415,415,415,0.9427691698074341,APPROVED,46234522,doxycycline hyclate 100 MG,RxNorm,Drug,S,213,454,Clinical Drug Comp,1649987,20150706,20991231,
550,Guaifenesin,550,550,550,1.0,APPROVED,1163944,guaifenesin,RxNorm,Drug,S,3260,70,Ingredient,5032,19700101,20991231,
249,Gentamicin,249,249,249,1.0,APPROVED,45892419,gentamicin,RxNorm,Drug,S,917,61,Ingredient,1596450,20150302,20991231,
119,Hydrocortisone ,119,119,119,0.9919611215591431,APPROVED,975125,hydrocortisone,RxNorm,Drug,S,2836,59,Ingredient,5492,19700101,20991231,
154,irbesartan,154,154,154,1.0,APPROVED,1347384,irbesartan,RxNorm,Drug,S,747,5,Ingredient,83818,19700101,20991231,
18,Mirtazapine,18,18,18,1.0,APPROVED,725131,mirtazapine,RxNorm,Drug,S,395,1,Ingredient,15996,19700101,20991231,
416,Guaifenesin ER,416,416,416,0.8804715275764465,APPROVED,1163944,guaifenesin,RxNorm,Drug,S,3260,70,Ingredient,5032,19700101,20991231,
230,AcetaZOLamide,230,230,230,1.0,APPROVED,929435,acetazolamide,RxNorm,Drug,S,93,1,Ingredient,167,19700101,20991231,
289,Dorzolamide 2% Ophth. Soln.,289,289,289,0.4903497099876404,APPROVED,19076734,dorzolamide 20 MG/ML Ophthalmic Solution,RxNorm,Drug,S,141,3,Clinical Drug,310015,19700101,20991231,
250,Clindamycin,250,250,250,1.0,APPROVED,997881,clindamycin,RxNorm,Drug,S,739,44,Ingredient,2582,19700101,20991231,
120,Amantadine,120,120,120,1.0,APPROVED,19087090,amantadine,RxNorm,Drug,S,179,1,Ingredient,620,19700101,20991231,
417,Dofetilide,417,417,417,1.0,APPROVED,1362979,dofetilide,RxNorm,Drug,S,12,1,Ingredient,49247,19700101,20991231,
155,Artificial Tears,155,155,155,0.29690882563591003,APPROVED,902551,hypromellose 10 MG/ML Ophthalmic Solution [Ultra Tears],RxNorm,Drug,S,0,6,Branded Drug,211612,19700101,20991231,
290,Glutamine,290,290,290,1.0,APPROVED,19060985,glutamine,RxNorm,Drug,S,151,16,Ingredient,4885,19700101,20991231,
551,Guaifenesin-CODEINE Phosphate,551,551,551,0.7134410738945007,APPROVED,40221590,codeine phosphate 10 MG / guaifenesin 300 MG Oral Tablet,RxNorm,Drug,S,0,5,Clinical Drug,995450,20100704,20991231,
121,Vitamin D,121,121,121,1.0,APPROVED,19009405,vitamin D,RxNorm,Drug,S,712,24,Ingredient,11253,19700101,20991231,
231,Enalaprilat,231,231,231,1.0,APPROVED,1342001,enalaprilat,RxNorm,Drug,S,14,3,Ingredient,3829,19700101,20991231,
251,Morphine SR (MS Contin),251,251,251,0.44479265809059143,APPROVED,1110410,morphine,RxNorm,Drug,S,941,27,Ingredient,7052,19700101,20991231,
418,Nitrofurantoin Monohyd (MacroBID),418,418,418,0.5632231831550598,APPROVED,46234345,"nitrofurantoin, monohydrate 75 MG",RxNorm,Drug,S,12,136,Clinical Drug Comp,1648754,20150706,20991231,
291,Pregabalin,291,291,291,1.0,APPROVED,734354,pregabalin,RxNorm,Drug,S,1045,1,Ingredient,187832,20050724,20991231,
232,Mannitol,232,232,232,1.0,APPROVED,994058,mannitol,RxNorm,Drug,S,226,29,Ingredient,6628,19700101,20991231,
122,ALPRAZolam,122,122,122,1.0,APPROVED,781039,alprazolam,RxNorm,Drug,S,230,49,Ingredient,596,19700101,20991231,
552,Promethazine,552,552,552,1.0,APPROVED,1153013,promethazine,RxNorm,Drug,S,437,26,Ingredient,8745,19700101,20991231,
233,Nystatin,233,233,233,1.0,APPROVED,922570,nystatin,RxNorm,Drug,S,873,59,Ingredient,7597,19700101,20991231,
252,MethylPREDNISolone Sodium Succ,252,252,252,0.7957457900047302,APPROVED,1506270,methylprednisolone,RxNorm,Drug,S,537,15,Ingredient,6902,19700101,20991231,
156,Fluticasone Propionate NASAL,156,156,156,0.7169486880302429,APPROVED,40171044,fluticasone propionate 0.5 MG/ML,RxNorm,Drug,S,60,42,Clinical Drug Comp,895986,20100131,20991231,
123,Albuterol 0.083% Neb Soln,123,123,123,0.4355490803718567,APPROVED,19123989,albuterol 0.83 MG/ML Inhalation Solution,RxNorm,Drug,S,0,3,Clinical Drug,630208,20060604,20991231,
157,CloNIDine,157,157,157,1.0,APPROVED,1398937,clonidine,RxNorm,Drug,S,228,15,Ingredient,2599,19700101,20991231,
234,Nitroglycerin Ointment  2%,234,234,234,0.5163881778717041,APPROVED,40071543,nitroglycerin Topical Ointment,RxNorm,Drug,S,86,8,Clinical Drug Form,374405,19700101,20991231,
253,quiniDINE Gluconate E.R.,253,253,253,0.617927074432373,APPROVED,19095421,quinidine gluconate 200 MG,RxNorm,Drug,S,1,2,Clinical Drug Comp,343400,19700101,20991231,
553,Dextromethorphan-Guaifenesin (Sugar Free),553,553,553,0.5399182438850403,APPROVED,40036170,dextromethorphan / guaifenesin Oral Tablet,RxNorm,Drug,S,9,150,Clinical Drug Form,371768,19700101,20991231,
158,Sucralfate,158,158,158,1.0,APPROVED,1036228,sucralfate,RxNorm,Drug,S,322,5,Ingredient,10156,19700101,20991231,
124,Clobetasol Propionate 0.05% Cream,124,124,124,0.6540798544883728,APPROVED,40164516,clobetasol propionate 0.5 MG/ML Topical Cream,RxNorm,Drug,S,83,3,Clinical Drug,861495,20090906,20991231,
254,Ciprofloxacin,254,254,254,1.0,APPROVED,1797513,ciprofloxacin,RxNorm,Drug,S,1080,42,Ingredient,2551,19700101,20991231,
235,Gentamicin 0.3% Ophth. Soln,235,235,235,0.36585623025894165,APPROVED,19030227,gentamicin 3 MG/ML Ophthalmic Solution [Gentasol],RxNorm,Drug,S,0,66,Branded Drug,205798,19700101,20991231,
125,Ramipril,125,125,125,1.0,APPROVED,1334456,ramipril,RxNorm,Drug,S,748,8,Ingredient,35296,19700101,20991231,
236,Valproic Acid,236,236,236,0.8756654858589172,APPROVED,40237988,valproic acid 100 MG,RxNorm,Drug,S,17,2,Clinical Drug Comp,1099702,20110501,20991231,
554,Hydrocodone-Acetaminophen (5mg-325mg),554,554,554,0.42355334758758545,APPROVED,40002706,acetaminophen / hydrocodone Oral Tablet,RxNorm,Drug,S,72,714,Clinical Drug Form,370641,19700101,20991231,
126,LORazepam,126,126,126,1.0,APPROVED,791967,lorazepam,RxNorm,Drug,S,196,49,Ingredient,6470,19700101,20991231,
159,Nystatin-Triamcinolone Cream,159,159,159,0.7115643620491028,APPROVED,40067735,nystatin / triamcinolone Topical Cream,RxNorm,Drug,S,11,51,Clinical Drug Form,377781,19700101,20991231,
555,Quetiapine Fumarate,555,555,555,0.7229520082473755,APPROVED,766814,quetiapine,RxNorm,Drug,S,968,48,Ingredient,51272,19700101,20991231,
160,Hydrocerin,160,160,160,0.452168732881546,APPROVED,1174888,hydrocodone,RxNorm,Drug,S,1766,25,Ingredient,5489,19700101,20991231,
161,Acyclovir,161,161,161,1.0,APPROVED,1703687,acyclovir,RxNorm,Drug,S,971,27,Ingredient,281,19700101,20991231,
556,Hyoscyamine,556,556,556,1.0,APPROVED,923672,hyoscyamine,RxNorm,Drug,S,754,41,Ingredient,153970,19700101,20991231,
557,Maalox/Lidocaine,557,557,557,0.38750720024108887,APPROVED,989878,lidocaine,RxNorm,Drug,S,2960,84,Ingredient,6387,19700101,20991231,
162,Ciprofloxacin HCl,162,162,162,0.848882794380188,APPROVED,1797513,ciprofloxacin,RxNorm,Drug,S,1080,42,Ingredient,2551,19700101,20991231,
558,Lidocaine Viscous 2%,558,558,558,0.5451678037643433,APPROVED,989878,lidocaine,RxNorm,Drug,S,2960,84,Ingredient,6387,19700101,20991231,
163,Sacubitril-Valsartan (24mg-26mg),163,163,163,0.45291978120803833,APPROVED,46275724,sacubitril / valsartan Oral Tablet,RxNorm,Drug,S,6,6,Clinical Drug Form,1656338,20150908,20991231,
559,Sodium Chloride 3% Inhalation Soln,559,559,559,0.6467585563659668,APPROVED,19127005,sodium chloride 30 MG/ML Inhalation Solution,RxNorm,Drug,S,0,6,Clinical Drug,724590,20070729,20991231,
560,NiCARdipine,560,560,560,1.0,APPROVED,1318137,nicardipine,RxNorm,Drug,S,145,1,Ingredient,7396,19700101,20991231,
561,Vasopressin,561,561,561,0.5958887338638306,APPROVED,1507835,vasopressin (USP),RxNorm,Drug,S,38,3,Ingredient,11149,19700101,20991231,
562,Nitroglycerin,562,562,562,1.0,APPROVED,1361711,nitroglycerin,RxNorm,Drug,S,1049,35,Ingredient,4917,19700101,20991231,
563,Dexmedetomidine,563,563,563,1.0,APPROVED,19061088,dexmedetomidine,RxNorm,Drug,S,55,48,Ingredient,48937,19700101,20991231,
564,Heparin (IABP),564,564,564,0.3618931770324707,APPROVED,1367571,heparin,RxNorm,Drug,S,825,40,Ingredient,5224,19700101,20991231,
